English word	Variant	Diné word	Biological definition in english	Defintion in Diné	Literal Translation	Distinction	See also (English)	See also (Diné)	Use in a sentence (English)	Use in a sentence (Diné)	Phonetic English	Phonetic Diné	English audio file name (leave blank for auto-generated)	Diné audio file name (leave blank for auto-generated)
abiotic factor		ááhoo'níił nayiiłnání	Any non living factor that impacts an ecosystem. For example, temperature.	Ááhoo'nííł éí bee hahodilyaii t'áá ałtso nahasdzáán dóó yádiłhił bii' siláhígíí ahił nidaalnishgo nináháhááhígíí éí nayiił'ná hadoh dóó hak'az ádaat'éii.										
ABO blood type		dił ał'ąą ádaat'éhígíí	A system used to group human blood into different types, based on the presence or absence of certain characteristics on the surface of red blood cells. The four main blood types are A, B, O, and AB	Bíla'ashdla'ii bidił bee bééhózindooígíí ádaalyaa. Hadił łichíí'ígíí bikáá'gónaa áhoot'éhígíí bik'ehgo háidígííshį́į́ hadił A, B, O, doodago AB.										
acid		atsiniltł'ish bilááh éí doodago bi'oh ábóodziil	A substance that becomes more positively or negatively charged during a chemical reaction and releases hydrogen ions when dissolved in water.	Ha'át'íi da bitsiniltł'ish bilááh éí doodago a'oh yileehgo taah ji'áahgo níłch'i hydrogen bitsiniltł'ish hólǫ́ǫgo bits'á shígish.	sour									
adaptation		bił ho'dizhchíinii bee jíłdzilígíí	A heritable trait that increases the fitness of an individual with that trait compared to individuals without that trait in a particular environment.	Bee ájít'éii bił ho'dizhchínígíí ła' bee hadziilgo jiinánígíí hái da nááná ła' ákót'éhígíí doo bił yizhchínígíí bił ałch'į' naa'nil aheełt'éego haz'ą́ągi haalzííd.										
adult		hináanii oochííł yaa ninísą́	An organism that has reached sexual maturity.	Bíla'ashdla'ii oochííł yaa ninísą́ągo yaa hóyánígíí.				hináanii						
agriculture		kʼééʼdílyééh	The art, science, or practice of cultivating the soil, growing crops, and raising livestock	Dá'ák'eh, k'eelyéí, daneest'áanii, dóó iiná naalyé bíhoo'ą́ą́'	kʼééʼdílyééh= planting/agriculture	this applies to all types of vegetation. Word will change If start talking about specific planting of something ie "plant corn, kil dilyeeh"								
algae		tátłʼid	Unicellular or multicellular organisms occurring in fresh or salt water or moist ground, that have chlorophyll and other pigments but lack true stems, roots, and leaves	Tátł'id éí táyi' éí doodago hoditłéé'góó dahólǫ́ bits'íís bitł'óól t'áá łá'í éí doodago łą́ áádóó dootł'izh łeh éí doodago t'áá łahgo ánoolnin łeh.	łʼid= smoke , tá= under. =under water smoke type of thing/describing the hazyness of how it looks. 									
allele		bik'ehgo náás oochíiłii ał'ąą át'é	A particular version of a gene.	Bik'ehgo náás oochíił'ii łahgo át'éhígíí.										
amino acid		ats'íís bee nihwiileehii bá siléíí	The building block of protein. There are ą) amino acides, and each is specified by a DNA segment of three nucleotides (bases).	Ats'íís bee haleehii  naadiin ał'ąą ánéelt'e' éí ats'íís bitł'óól yee naalnishgo bee ats'íís hodooleeł dóó áadi hasht'éé yoodlííł.  Iiná bitł'óól, DNA, bee bóhólnííh éí bik'ehgo náás oochíiiłii táa'go bita'góó daníjaa'.										
amphibian		biyáázh tsʼǫʼasánígíí	A vertebrate animal whose internal temperature depends on the environment (ectotherm). Most live in the water when young and live on land as adults. Examples include frogs, toads, and salamanders.	Dahináanii bíígháán dahólónígíí  éí binaagóó áhoot'éhígíí binahjį' bits'íís sidoh dóó sik'azígíí éí (ectotherm wolyé). Yichííhgo táyi' naaleeh áádóó dahdínísééh dóó éí dóó  tábąąhdi dóó łeeshtahdi dahiná. Ch'ał ádaat'éii  dóó salamanders ááł ha'ní.	someone's baby									
analyze		t'áádoole'é át'éegi nidanees'ą́ągi naalkaah	To study or examine something in detail, in order to discover more about it	T'áá ha'át'ííshį́į́ baa ajółta' éí doodago jinéł'į́įgo nijiłkaah t'áá nináníłtsojį' éí bee béézhdi'dootį́į́ł biniyé.										
anaphase		ats'íís bitł'óól ałts'ánísé	The stage of cell division in mitosis or meiosis in which the doubled set of chromosomes separates into two identical groups that move to opposite ends of the cell	Ats'íís bitł'óól ałts'á níséego iiná bitł'óól (DNA) bik'ehgo náás oochíiłii biyi'di naaki ałch'į' naazlá, éí t'áá ahedaałt'éego ałts'ákah dóó ahidiníł náádę́ę́' niikah áádóó ałts'á nísééh.										
ancestor	0	azází	One from whom an individual is descended, whether on the father's or mother's side, at any number of generations.	Hak'éí nát'ą́ą́' ahool'áago hamá dóó hazhé'é dabishchíníinii bits'ą́ą́dę́ę́' hojizhlį́į́'ígíí		less commonly used than ánaasází								
ancestor	1	ánaasází	@0	@0		most common								
animal	0	naaldeehii	A large group of multicellular eukaryotic organisms; organism other than man	Hináanii bits'íís bitł'óól (cells) daholónígíí biyi'di bijéí (nucleus) iiná bitł'óól dóó bik'ehgo náás oochíiłii nídahineeshzhee'. Dahináanii doo bíla'ashdla'ii ádaat'éhígíí.	living things that move about									animal-that-move-dine
animal	1	naaldlooshii	@0	@0	living things that trot or walk									animal-that-trot-dine
antibiotic		ch'osh doo yit'íinii bee naatseedí	A substance that kills or inhibits the growth of bacteria.	Ch'osh doo yit'íinii bee yigání éí doodago bee ni'óolziní										
antibody		ats'íís bee doo bihodééłníinii	A protein produced by the body's immune system when it detects harmful substances	Ats'íís bee doo bihodééłníinii ats'íís hasht'éé yoodlíiłii (protein) áyiił'įįh ats'íís atíidoolíłii yaa ákoniizįįhgo										
asexual reproduction		biką' dóó bi'áadii t'áá gééd oochííł	The process of creating offspring without exchanging genetic information with another organism through sex.	Azhé'é t'áágééd i'niitsąąh dóó ni'iichííh. Amá t'áá sáhá idínóoltsąął dóó adoołchííł.										
atom		atom	The smallest component of an element having the chemical properties of the element, consisting of a nucleus containing combinations of neutrons and protons and one or more electrons	T'áá ha'át'ííshį́į́ bee ályaii t'ááłá'í si'ą́ągo, atom wolyé, bijéí hólǫ́, bijéí biyi'di proton biniltł'ish shábik'ehgo bii' silá éí positive deiłní dóó neutron bitsiniltł'ish bąą ádin ákondi yee óchíidii, béésh ná'iiláhá nahalingo bii' hólǫ́. Atom bijéí bii' siléí										
ATP (adenosine triphosphate)		ats'íís bitł'óól biziil	Principal molecule for storing and transferring energy in cells.	Ats'íís bitł'óól biyi'di t'áádoole'é si'ą́ągo ats'íís bitł'óól yee biinéí dooígíí bii' nihwiileeh dóó náásgóó ííł'į́										
autoimmune disease		ats'íís ádík'ijį' naalnish	Occurs when the body's immune system attacks and destroys healthy body tissue by mistake	Ats'íís iisiihgo ádík'ijį' naalnish yileehgo ats'íís doo bąąhtééh da yę́ę niyiiłchxǫǫh yileeh										
autotroph		bich'iiyą' t'áá bí ííł'íinii	An organism capable of making its own food from inorganic substances using light or chemical energy (compare with heterotroph)	Hináanii t'áá bí ch'iyáán yidooyį́į́łígíí ííł' į́ t'áá ákǫ́ǫ́h binaagóó hólónígíí adinídíín dóó t'áádoole'é ałtah nihwiileehgo ahił nidaalnishígíí bits'ą́ą́ biziil choyooł'į́įgo										
bacteria		chʼosh doo yitʼínii	Microscopic single celled organisms.	T'áádoole'é bits'íís bitł'óól t'ááłá'ígo yee hiná ch'osh doo yit'íinii dabijiní	chʼosh=bug, doo yitʼínii= you can't see.	Also includes viruses								
base		ats'íís bee nihwiileehii bá siléíí	A substance that becomes more positively or negatively charged during a chemical reaction and accepts hydrogen ions when dissolved in water.	Ha'át'íi da náádaa łahdę́ę́' ha'át'íi da bił ahiih yilyéehgo bitsiniltł'ish bilááh éí doodago a'oh yileeh  taah ji'áahgo níłch'i hydrogen bitsiniltł'ish náyiilááh										
base pair		ats'íís bee haleehii ałch'į' nanideeh	Two nucleotides (also known as bases) that combine and join to make DNA. Base A combines with T and base G combines with C.	Bee iiná hodooleełii nucleotide naakigo ahidii'ash éí ats'íís bitł'óól DNA yileeh										
behavior		hináanii áát'įįłgi át'éego	How an organism acts	Hináanii áát'įįłígíí				hináanii						
biochemical reaction		bee iináanii nidaalnish	In organisms, chemical reactions that help sustain life and allow cells to grow	Hináanii bits'íístahdi t'áá ałtso ahił nidaalnishgo yee hiná dóó bits'íís bitł'óól hazhó'ó danéesé										
biodiversity		hináanii ał'ąą ádaat'éhígíí	The variety of life and its processes, including the variety of living organisms, the genetic differences among them, and the communities and ecosystems in which they occur	Iiná ał'ąą ádaat'éego bits'ą́ą́dóó ayoonaałígíí éí díí dahináanii t'áá ałtso, bik'ehgo yee oołchíiłii dóó naaldeehgo bá nahaz'áą́góó dóó hózhǫ́ǫgo bá dahoo'a'gi				hináanii						
biogeochemical cycle		nahasdzáán iiná ánáyoodlííł	The cycle in which nitrogen, carbon, and other inorganic elements of the environment are converted into the organic substances of animals or plants and released back into the environment	Níłch'i nitrogen, t'eesh carbon dóó t'áádoole'é doo dahináanii bits'ą́ą́dę́ę́' dahólónígíí inorganic substances bił ááhoo'níiłgo bił hoogáałígíí hináanii nídanidlį́ dóó nahasdzáán bikáá'góó ał'ąą nídadilzhish										
biology		iiná naalkaah	The scientific study of life and living organisms	Dahináanii t'áá ałtso baa nahodigį'go naalkaah	iiná=life, naalkaah= study. means to study life. 									
biome		iina bá yá'áhoot'éehgo haz'ą́	A regional or global land area that is characterized by the plants, animals and climate in that area	Nahasdzáán bikáagi haashį́į́ honíłtso haz'ą́ągo nanise' dóó naaldeehii bá yá'áhoot'éehgo bił hoolzhish										
biosphere		hináanii bee hahodít'éegi	The thin zone surrounding Earth where all life exists	Nahasdzáán bikáá'góó áhoołts'óózígo honít'i'go iiná bináhaazlá				hináanii						
biotic factor		hináanii ahił nidaalnish	Any living thing that has an effect on another organism, population, community, or ecosystem	Nahasdzáán bikáá'góó hináanii kéédahat'į́įgo bił nahaz'ánígíí hináanii t'áá át'é yiłdi'ígíí				hináanii						
birth rate		nida'iichííh yéélta'ígíí	The number of total live births in comparison to the total population size in a specified community or area over a specified period of time	Bíla'ashdla'ii kééhat'į́įgi t'áá hoolzhishgóne' t'áá át'é yéélta'go dóó éí hoolzhishígíí haashį́į́ néelą́ą́' ániid náádaazhchínígíí yéélta'go ałhąą naa'nil.										
blood		dił	Body fluid in humans and other animals that delivers necessary substances such as nutrients and oxygen to the cells and transports waste away those cells	Bíla'ashdla'ii bits'íístoo' dóó hináago naaldeehii bits'íístoo' bits'íístahgóó dóó bits'íís bitł'óól biyi'góó níłch'i dóó ch'iyáán dóó yee hináanii ayiił'eeł áádóó ats'íís ałtso choyoos'įįdii níláhgóó ats'á yiile	dił=blood									
botany		nanise' ałtaas'éí naalkaah	The scientific study of plants	Chil dóó nanise' ał'ąą ádaat'éii naalkaah										
brain		atsiighąąʼ	The organ in the body which controls the functions of the body, interprets and stores information, and affects intelligence and emotion.	Ats'íís bii' siléí ats'íís t'áá át'é naalnishgo áyósin, ádahoot'éii t'áá ałtso yaa ákonízin dóó yénálniih, dóó bik'izhdiitáanii baa nitsídzíkees dóó háni' nilíinii yiyoołnaał	ghąąʼ= matter. atsii= heads. So the "matter in your head"									
camouflage		bee na'nit'inii	When organisms disguise their appearance to blend in with their surroundings	Hináago naaldeeh dóó nidaat'a'ii binaagóó áhoot'éhígíí yee hadiit'įįhgo doo yit'į́į da yileeh										
carbohydrate		łikání bich'į' iinéí	An important nutrient used as energy by the body and made mostly of sugars	Ch'iyáán íiyisíí bee ats'íís bidziil dóó biinéí áyósinígíí. Łikání t'éí át'é.										
carbon cycle		níłch'i carbon dioxide náhoodleeł	The movement of carbon dioxide between the atmosphere, living organisms, and land and acquatic ecosystems.	Níłch'I carbon dioxide wolyéhígíí hót'ááhgóó dóó níłch'I bitahgóó, dahináanii bitahgóó dóó táyi'góó hoo'nááłgo ahééhwiilzhíísh										
carnivore		naaldeehii daʼalghałígíí	Animals that eat other animals	Hináanii naaldeehii naaldeehii deiyánígíí	naaldeehii=animals; daʼalghałígíí=eaters or butchers.			naaldeehii						
carrying capacity		hináanii kéyah choyooł'į́	Maximum population size of the species that the environment can sustain, given the food, habitat, water, and other necessities available in the environment	Naaldlooshii haashį́į́ néelt'e'go íiyisíí kéyah bikáá'go da' ayą́ągo bihonéedzą́				hináanii						
catalyst		bee adiiltłáadii	Any substance that increases the rate of a reaction without itself being consumed	Bee adiiltłáadii t'áadoole'é ahidiilyéego bee bina'anishígíí										
cell	0	ats’íís bik’ǫ́ǫ́’	The cell is the smallest unit with the basic properties of life, such as growth, sensing the environment, and reproduction.	Ats'íís bitł'óól éí ats'íís bee ályaaígíí ts'ídá t'ááłá'ígo si'ánígíí náhidínísé, binaagóó yaa ákonízin, dóó ádéé'ál'į́įgo noosééł.	ats’íís= body, bi=it, tł’óól= strand.	look at it through microscope	life, reproduction				sel			
cell	1	ats'íís bitł'óól	@0	@0	@0	refers to DNA in cell. Often used when talking about cancer	@0				@0			
cell	2	hinááhts'ózí	@0	@0	hinááh = life, ts'óózí=small. Means "small unit of life"	Shorthand of the formal word	@0				@0			
cell	3	hinááhts'óóz	@0	@0	@2	Formal word	@0				@0			
cell body		ats'óóz bijéí	A part of a neuron that contains the nucleus where incoming signals are received.											
cell division		ats'íís bitł'óól ałts'á dahinisé	The formation of new cells when an existing cell divides.	Ats'íís bitł'óól ałts'á níséehgo bee ats'íís bitł'óól ániidígíí náhoodleeł										
cell membrane		ats'íí bitł'óól bik'ésti'í	Network of lipids and proteins that forms the boundary between the inside of a cell and the environment that surrounds it.  Also called a plasma membrane.	Ats'íís bitł'óól bik'ésti'í éí ak'ah bizhool dóó ch'iyáán ats'íís hasht'ééyooldlíiłii bizhool bee ályaago ats;íís bikésti'										
cell wall		nanise' bihinááhts'óóz bikágí	A structural layer surrounding cells of plants, bacteria, and other non-animal cells, found just outside the cell membrane	Chil nanise', ch'osh doo yit'íinii dóó naaldeehii danilínígíí  yee nanise' dóó nanit'ąígíí bikágí.										
cellular respiration		nanise' binéí á'dólzin	The process through which cells convert sugars into ATP (energy)	Ats'íís bitł'óól yee biinéí dóó hinánígíí yee ádinaalnishígíí										
charge		atsiniltł'ish	The amount of electricity an object has, determined by the number of protons and electrons it has	T'áá ha'át'íi da protons dóó electrons bináhaazléí wólta'go bitsiniltł'ish ánéelt'e dóó ábóodziilígíí										
chemical		ha'át'íi da doo łahgo ánéehii	A substance that has a constant composition and characteristic properties.	Ha'át'íi da t'ááłáhági át'éego hadít'é dóó t'ááłáhági át'éego naalnishígíí										
chemical energy		t'áádoole'é biziil	This type of energy is what holds atoms of a molecule or molecules of a substance together. When these groups of atoms or molecules are separated during a chemical reaction, chemical energy is released, often as heat.  When organisms photosynthesize or digest food, chemical reactions provide chemical energy for their growth and development.	T'áádoole'é yee bidziilii yee ałch'į' bótá'ii. Díí ałtsá'niłgo yee bidziilii áyóó' át'éego sidogo bits'áshígish										
chemical reaction		t'áádoole'é łahgo áániił	Any process in which substances combine or are broken down into other substances when chemical bonds between atoms are formed or broken	Ha'át'íi da t'ááła' bizhi'go t'áá náó'nííłgo bits'ą́ą́dóó t'áá ha'át'ííshį́į́ náádleeł doo áko bee ályaii yee da'áhótą'ígíí ałts'á há'nííł éí doodago łahgo át'éego ádaalne'										
chemotroph		t'áádoole'é adinídíín yee biziil ánáyoodlííł	Cells that create their own energy and biological materials from inorganic chemicals	Hinááts'ózí cells binaagóó ha'át'íi da doo hináanii bits'ą́ą́dę́ę́' dahólónígíí yee biinéí doo bidziil dooígíí t'áá bí ííł'į́										
chlorophyll		nanise' bitoo' dootł'izhí	Any green molecule that converts light energy into chemical energy during photosynthesis	Nanise' yee dadootł'izhígíí adinídíín (shánídíín) łahgo áyiił'įįhgo bee bitoo' naalnish yileehgo biinéí										
chloroplast		nanise' biziil ííł'íní	A cell organelle that produces energy through photosynthesis	Nanise' bihiináts'ózí biyi'di si'ą́ągo adinídíín yee binéí áyosinígíí										
chromosome		iiná bitł'óól bit'oh	A structure made up of DNA tightly coiled many times around proteins	Iiná bitł'óól nídahineeshzhee'go ats'íís bitł'óól biyi'di dahólónígíí										
circadian rhythm		habił dóó ts'ísee háni' nilį́	A natural, internal process that regulates daily cycles of sleep or inactivity and wakefulness or activity	Niyiiłkaah dóó aná'át'áahjį' hats'íís biyi'di ajiłhosh, ninájílnish dóó hasht'ez dít'é bee bíhólníihgo nijigháhígíí										
circulatory system		hats'oos	The system that moves blood, oxygen, nutrients, waste, and other materials throughout the body. The circulatory system includes the heart, arteries, and veins	Hats'íístahgóó hadił nidaazlį́įgo bee níłch'i dóó ch'iyáán hats'íís bitah hólǫ́ǫgo áyósin áádóó hats'íís ałtso choyoos'įįdígíí hats'áyiiléego jiinánígíí. Kót'éego binaanishígíí éí hajéídíshjool, hats'oos łichí'í dóó hats'oos dootł'izhí.										
climate change		níłch'i ał'ąą ánáá'nííł łahgo áániił	The change in global or regional weather patterns over time.  This occured naturally over time, but recently increased levels of carbon dioxide due to the use of fossil fuels from the mid to late ą)th century onwards has caused climate change to occur faster.	Nahasdzáán bikáá'góó dóó hót'ááhgóó áhoot'éhígíí hado dóó hak'az, níłtsą́, dóó nídaadzasígíí łahgo áániił. T'áá bí éí łahgo ánáánííł nít'ę́ę́' k'adgo níłch'i carbon dioxide wolyéhígíí bilááh ánéelt'e' silį́į́' ałk'idą́ą́' dahináanii bik'éé dahwiilzhiizhii bits'ą́ą́dóó kǫ' choo'į́įgo biniinaa níłch'i ał'ąą ánáá'nííł łahgo áyiilaa.										
codominance		bił ho'dizhchíinii bee hojizlį́į́'ígíí	A form of inheritance in which both alleles are expressed equally in the phenotype of the heterozygote											
community		t'ááłáhági kéédahat'į́	Interacting group of various species in a common location	T'áá łáhági haz'ą́ągi ha'át'ííshį́į́ dahinááshį́į́ ahił nidaalnish dahinánígíí										
competition		bee iináanii ałghaadzį́į́s	A negative interaction that occurs whenever two or more organisms require the same limited resource	Dahináanii t'ááłáhági haz'ą́ągo kééhat'į́įgo bee da'iináanii ałghadeidit'áahígíí										
corrosive		báhádzidii ayánígíí	A highly reactive substance that causes obvious damage to living tissue	Ha'át'íi da bideezla' ayóo atí'áł'į́įgo ats'íís átííł'ínígíí										
cytoplasm		hinááhts'ózí biyi' di bijéí binaagóó hólónígíí	All of the contents of a cell excluding the nucleus	Ats'íís bitł'óól biyi' hólónígíí t'áá át'é ákondi bijéí nucleus éí doo bił ólta'góó				hinááhts'ózí						
data		bee ééhóznii yéélta'ii	A collection of facts, such as numbers, words, measurements, observations or descriptions of thing	T'áá ha'át'íi da dayéélta', bída'néél'ąądígíí, saad da, haalzíidgo bikáá' ályaii, dóó baa hane'go aha'ádaalyaii										
death rate		łahgo haz'ą́ bii' anoonééł	The number of total deaths in comparison to the total population size in a specified community or area over a specified period of time	Haa'í da diné kééhat'į́įgo daashį́į́ néelt'e' ákwe'é kééhát'į́ éí daashį́į́ néelt'e' haashį́į́ nízahjį' nihoolzhiizhgo daneeznánígíí/bikéé' ádahasdįįd yéélta'ígíí ałch'į' sinilgo baa hane'										
decay		hináanii diłdzid	The breakdown of dead organism through the action of bacteria and fungi	Hináanii ła' daaztsą́ągo ch'osh doo yit'íinii dóó dláád ádaat'éii yaa tįįh yikaigo ałtso dííłdzidgo				hináanii						
decompose		hináanii diłdzidgo leezh náádleeł	The process by which dead organic substances are broken down into simpler organic or inorganic material	Ha'át'íi da hináá nít'ę́ę'go ádin silį́į́' dóó bits'íís táánoodééh dóó dííyahgo ła' łeezh nídaasdlį́į́' dóó bits'iilzéí dahólǫ́.				hináanii						
desert		hóółtséigo dzígai	Barren area of land where little precipitation occurs	Kéyah bikáá'góó áłch'į́į́dígo ninádahałtį́įhgi										
diffusion		nishigizh	The movement of molecules from an areas where there are many to where there are fewer	T'áá ha'át'íi da bizhool molecules łą́ hólónídóó áłch'į́į́dí hólǫ́ǫjį' ashiigéeshgo										
digestive system		ch'iyáán náyoołkąąłii	The organs that take in food and liquids and break them down into substances that the body can use for energy, growth, and tissue repair. Waste products the body cannot use leave the body through bowel movements	Atsą́ níléí ch'iyáán dóó jidlánígíí néedił'eel dóó bitoo' ádaat'éí yee ats'íís bidziil, biinéí, dóó hats'íís háidoodlííł. Ha'át'ííshį́į́ hats'íís doo choyooł'į́į da dooígíí éí hach'íí' bee níláhgóó kót'į́										
diploid		hinááhts'ozí iiná bitł'óól naaki bee hólǫ́	A cell or organism having two sets of chromosome	Ats'íís bitł'óól éí doodago hináanii bi iiná bitł'óól ałk'í daadeesdizígíí chromosomes naaki níláago bee dahólónígíí				hinááhts'ózí						
disease		ąąh dahaz'ą́	A change in a living body that prevents it from functioning normally.	Ats'íís haashį́į́ yidzaago doo hazhó'ó naalnish da silį́į'go bee bihodiit'i'										
DNA		iiná bitł'óól	A long molecule that contains our unique genetic information. It holds the instructions for making all of the proteins in our bodies.	Ats'íís bitł'óól nineezgo hats'íís biyi'di hólónígíí bik'ehgo náás oochíiłii yee hadít'é. Bik'ehgo ch'iyáán ats'íís ánáyoodlíiłii proteins hats'íístahgóó hólónígíí nihwiileeh.										
DNA replication		iiná bitł'óól ádéé'alnééh	The process by which DNA is copied during cell division	Ats'íís bitł'óól ałts'á hiniséego iiná bitł'óól biyi'di dahólónígíí bééda'alne'										
dominant		bee ats'íís haleehii alą́ąjį' naalnish	The allele that determines the phenotype when present in a homozygote or heterozygote. Compare with recessive.	Bik'ehgo náás oochíiłii bee ázhnoolnin dóó ájít'éhígíí áyiił'įįh hamá dóó hazhé'é bits'ą́ą́dę́ę́' bik'ehgo náás ooch'íiłii bee hojileehígíí aheełt'éego (homozygote) éí doodago doo aheełt'ée dago (heterozygote)										
dominant trait		bee ats'íís haleehii alą́ąjį' naalnish bee ájít'é yileehii	An inherited characteristic that appears in an offspring if it is received from a parent through a dominant allele. Compare with recessive trait.	Ho'dizhchíídóó hojizhlį́į'go ázhnoolnin dóó ájít'éhígíí bee jinooséełii hamá dóó hazhé'é bits'ą́ą́dę́ę́' bik'ehgo náás oochíiłii alą́ąjį' (dominant) naalnishígíí bik'ehgo jinoosééł silį́į'go.  Recessive éí bik'ehgo náás oochíiłii akéédóó bik'ehgo anoosééł.			dominant							
ecology		naaldeehii bił haz'ą́	The study of how organisms interact with one another and with their environment	Hináanii ał'ąą ádaat'éhígíí bił haz'ą́ągi ahił dahi'ná dóó binaagóó áhoot'éhígíí chodayooł'ínígíí				naaldeehii						
ecosystem		hináanii bił haz'ą́	An environment including every living organism and non-living factor that is contained within it	Nahasdzáán bikáa'gi haz'ą́ągo ákwe'é ha'át'ííshį́į́ dahinááshį́į́ dóó doo hináanii bee hahodít'éhígíí t'áá ałtso				hináanii						
ectotherm		naaldeehii yee sizilí	An organism whose internal temperature depends on the temperature of their surrounding environment	Hináanii naaldeehii binaagóó áhoot'éhígíí bik'ehgo bits'íístahdi sizil dóó náhiniik' áás										
egg	0	ayęęzhii	The female sex cell, or gamete. Compare with sperm.	Asdzání bik'eelyéí	animal egg									animal-egg-dine
egg	1	k'eelyéí	@0	@0										
electron		atom bináhaazléí	The components of an atom that have a negative charge	Atoms bee ályaii shádáahjigo bitsiniltł'ish hoo'nááłígíí										
element		áʼádaatʼéhígíí	A pure substance that is made of only one type of atom. Elements cannot be broken down into any simpler substance.	Ha'át'íi da atom t'ááłá'ígo bee ályaaígíí. Atom t'ááłá'i yileehgo doo tanáó'níiłgo ha'át'íi da náádoodleeł da.	skip									
emigration		ch'ída'iinééh	The migration of individuals out of a particular population or area to other populations or areas.  Compare with immigration.	Bíla'ashdla'ii dayikah nít'ę́ę́' yits'á dahanééhgo nááná łahjí dahyikahígíí yił yah adahnéehgo.										
endotherm		ats'íís sizilígíí	An organism whose internal temperature can be contantly maintained and does not depend on the temperature of their surrounding environment	Dahinánii dóó naaldeehii bits'íís silzil dóó náhiniik'áásígíí t'áá łáhági silkidgo ádayósinígíí. Binaadę́ę́' nahooniidoh dóó náhoniik'asígíí éí doo binahjį' bits'íís sizil da.										
energy		’ahóodziil	The ability to do work, produce change, or create heat.  There are many types of energy.  For example, heat energy (also known as thermal energy) is created when molecules move around quickly and randomly within a substance, which releases heat.  Chemical energy is what holds atoms of a molecule or molecules of a substance together.  When these groups of atoms or molecules are separated during a chemical reaction, chemical energy is released, often as heat.  When organisms photosynthesize or digest food, chemical reactions provide chemical energy for their growth and development.	T'áádoole'é biziil yee biinéí dóó bidziilgo yee naalnish, ha'át'íi da łahgo áyooliił, doodago hadoh bits'ą́ą́dóó hólǫ́ (thermal energy). Łą́ ał'ąą át'é.	’ahóodziil= energy. (you modify the a depending what you're talking about)									
energy pyramid		shá biziil dahináanii bitah silį́į́'ígíí	A picture that represents how much energy, initially from the sun, is retained or stored in living organisms at each trophic level in an ecosystem	Shá bits'ą́ą́dę́ę́' deesdoiígíí hináanii bił nahaz'ą́ądi dóó biyi'di hasht'e dit'eehígíí.										
environment		kéyah bikáa'gi haz'ánígi	The air, water, and land in or on which all living organisms live	Dahináanii dóó naaldeehii bá haz'ą́ągi níłch'I, tó, dóó kéyah yee dahinánígíí										
enzyme		ch'iyáán yidiłidí	A substance that acts as a catalyst in living organisms, regulating the rate at which chemical reactions proceed without itself being altered in the process	Naaldeehii bits'íístahdi ch'iyáán yididiiłił go yee bidziil dóó hináadoogo éí ch'iyáán bits'íístahdi shoogishígíí yee yidiłidígíí hodooleeł éí ch'iyáán yidiiłtláadgo bits'ą́ą́dóó biinéí dóó bidziil.										
epidermis		akágí	The outermost layer of cells of any multicellular organism	Hináanii bits'íís bitł'óól (cells) bikágí										
equilibrium		ahíhooneel'ą́	A state of balance or stable situation where opposite effects cancel each other out and no changes are occuring.	Ha'át'éegi da haz'ą́ągi t'áá ałtsoní hasht'e dadiit'eeh dóó ha'át'íi da doo ba'át'e' hólǫ́ǫ da yileeh. Ha'át'íi da doo ałk'ijį dooldził da, ahíhoneel'ą́ haleeh.										
eukaryote		hináanii bihinááhts'ózí bijéí dahólónígíí	Organisms whose cells contain a nucleus. Compare with prokaryote.	Hináanii bits'íís bitł'óól biyi'di bijéí dahólónígíí				hináanii						
evidence		bee éédahozinii	The available facts or information that indicate a belief or statement is true or valid	Ha'át'íida t'áá aaníí át'é bee bééhózinígíí nídiilyáago binahjį' baa ha'oodzíí' dóó woodlánígíí t'áá aaníigo baa nitsáhákees.										
evolution		ayoonaał	Changes in the frequency of alleles over generations	Ayoonaałgo bik'ehgo náás oochíiłii łahgo ánídaa'níiłgo bik'ehgo ahii' háá' ayoochííł.										
exoskeleton		hináanii bits'a'	A hard covering on the outside of the body used for support, protection, and muscle attachment. Examples include the shells of snails and the outer covering of beetles.	Hináanii bits'a' dahólónígíí bits'íís bits'a' yee naazį́ dóó naaghá.				hináanii						
experiment		t'áádoole'é nabíhonitaah	A test done in order to learn something or to discover whether something works or is true.	Ha'át'íi da t'áá aaníí át'é dóó ó'ooł'įįłgi nabíhonitaahgo naalkaah.										
extinct		hináanii ła' bił ahóóyá	Occurs when there are no more individuals of that species alive anywhere in the world	Ha'át'íi da ałtso eeldee' éí doodago bił ahóóyáago doo ła' yidziih da silį́į́'ígíí				hináanii						
extinction		hináanii ałtso iildéeh	The act or process of a species becoming extinct	Dahináanii ła' ha'át'ííshį́į́ biniinaa áádįįł silį́į'go				hináanii						
fertilization (reproductive)		ak'eelyéí ahidiinahgo iilts'ąąh	The process of combinine the male sperm with the female egg to produce a cell called a zygote.	Hináanii biką' dóó bi'áádígíí bik'eelyéí ahidiina'go bits'ą́ą́dóó biyázhí iilts'ą'ígíí.										
fitness		hohónéedzą́	The ability of an individual to produce successful offspring compared to other individuals of the same species.	Hináanii biyázhí yishchínígíí yisdádoogáałgo bidziilgo hináadoo										
food chain		ch'iyáán hinílá	A linear sequence of organisms through which nutrients and energy pass as one organism eats another	Dahináanii ałkéé' bił honí'ą́ągo dahnaazhjaa'go bich'iiyą' nídanidlį́										
food web		ch'iyáán bee hahodít'é	Represents multiple pathways through which energy and nutrients flow through an ecosystem. It includes many intersecting food chains. It demonstrates that most organisms eat, and are eaten, by more than one species.	Ch'iyáán dahideezláádóó dahiníláajį' bee hahodít'éego nahaz'ą́. Łahgóó ahéédadiit'I'										
fossil		hináanii bits'iil	Evidence of living organisms that lived long ago	Ałk'idą́ą́' dahináá nít'ę́ę́'yę́ę bits'iil				hináanii						
fossil fuel		ats'iil choo'ínígíí	A material formed from the decomposing organisms that can release energy as heat or be used for work. These fuels are found within the Earth and exist in limited quantities. Examples include coal, oil, and natural gas.	Dahináanii daneeznánée dadiłdzid bits'ą́ą́dóó ha'át'íi da nihwiileehígíí biziil (energy) bits'áłdohígíí (heat) bee nida'anish. Nahasdzáán biyi'di dahólǫ́ haashį́į́ danéelt'e'go. Łeejin/tsékǫ', ak'ah łizhiní dóó níłch'i  ászólí ááh ha'ní.										
fungi		dláád	Living organisms that get their nutrients by absorbing them.	Hináanii bich'iiyą' binaagóó hólónígíí néidił'eełgo bikágí biníkáágóne'  biihishigéeshgo yee hiná.										
gamete		ak'eelyéí bee idí'nóotsąąłii	A haploid reproductive cell that joins with another haploid reproductive cell of the opposite sex to form a diploid zygote.	Bi'áadii bik'eelyéí bihinááts'óóz biyi'di iiná bitł'óóól ałk'ídaadeesdizígíí chromosomes t'áá ałní'ígo ánéelt'e' dóó biką'ii bik'eelyéí bihinááhts'óóz biyi'di iiná bitł'óóól ałk'ídaadeesdizígíí chromosomes t'áá ałní'ígo ánéelt'e'ígíí ahidiinahgo bits'ą́ą́dóó biyázhí (zygote) bits'íís bihinááhts'óóz biyi'di iiná bitł'óól ałk'ídadeesdizígíí t'áá át'é bii' dahólǫ́.										
gene		bik'ehgo náás oochíiłii łago át'e silį́į́'ígíí t'áá át'é	A section of DNA that is the unit of heredity for a trait.	Iiná bitł'óól bąąhgi bik'ehgo jinooséełgo t'áá jizį́į́ nít'ę́ę́' ájít'é dooleełígíí										
gene pool		bik'ehgo náás oochíiłiii	All of the alleles of all the genes in a population of a specific species at a given time.	T'áá hoolzhishgi dahináanii t'áá sahdii dahyikahgo yik'ehgo náás oołchíiłii łahgo át'é daazlį́į'ígíí t'áá ałtso ááł jiní										
generalist		hináanii t'áá ałtso yíníłdzilii	A species that can thrive in many different environmental conditions or use different types of resources. Compare with specialist.	Dahináanii ła' dahyikahgo łahgo ánáhoo'níiłgi kéédahat'į́ éí doodago yee dahináanii ał'ąą ádaat'éego yee kééhát'į́				hináanii						
generation		hináan t'áá ła' yikahígíí	All of the organisms born and living at about the same time. In humans, mother and daughters represent two generations	Hináanii t'áá ałhąąh daazhchí dóó danihinánígíí, Amá dóó ach'é'é éí naakidi azhchínígíí át'é										
genetic disorder		iiná bitł'óól łahgo ádzaii binaałniih	A disease that is caused by a change (mutation) in an individual's DNA sequence	Bik'ehgo náás oochíiłii ałkéé' sinilyę́ę łahgo ádzaago ba'át'e' hazlį́į'go bits'ą́ą́dóó ąąh dahaz'ą́ bił oochííł yileeh.										
genetically engineered		iiná bitł'óól łahgo ályaa	The deliberate modification of the characteristics of an organism by changing its DNA or RNA	Ha'át'íi da hináanii bits'íís dóó bíni' da yee hadít'éhígíí t'áá ákólnéehgo be'iiná bitł'óól łahgo ál'įįhígíí										
genetics		bik'ehgo náás oochíiłii naalkaah	The study of genes and inheritance in living organisms	Dahináanii yik'ehgo náás oołchííłígíí dóó yił oołchíiłii nidaalkaahgo t'áá át'é bíhoo'aah										
genome		hináanii be'iiná bitł'óól t'áá ałtso	All of an organism's DNA	Ha'át'íi da hináanii bits'íís bitł'óól t'áá ałtso bits'íís bii' hólónígíí				hináanii						
genotype		hái da bi allele t'áá ałtso	All of the alleles in a given individual's genome	Ha'át'íi da hináanii yik'ehgo náás oołchíiłii łahgo át'é daazlį́į́'ígíí t'áá ałtso										
geology		nahasdzáán naalkaah	The science that deals with the earth's physical structure, the materials it is made of, its history, and the processes that act on it.	Nahasdzáán ninálkaahgo ha'át'íi da yee hadít'éhígíí, biyi'di dóó bikáá'góó hólónígíí dahazlį́į́'dę́ę́' dóó yee naalnishígíí bíhoo'aah	nahasdzáán=earth, naalkaah= study									
global warming		nahasdząąn bikáá'góó honiidóóh	The increase in the Earth's average temperature. Recently, temperatures are rising rapidly due to increases in the levels of greenhouse gases.	Nahasdzáán bikáá'góó sidooígíí de'áániił. Níłch'i hado yił hidideełígíí, greenhouse gases, łą́ dahshoogish silį́į́'ígíí biniinaa nahasdzáán ayóo sido silį́į́'.										
glucose		chʼiyáán náálkąąd bee jiinánígíí	The simple sugar that is the main source of energy. Glucose is found in the blood and is the main sugar that the body makes.	Łikání hadił bitahdi hólǫ́ǫgo íiyisíí bee hadziil dóó hwiinéí áhósinígíí óolyé. Łikání glucose wolyéhígíí hadił bitahdi hólǫ́ éí hats'íís ííł'į́įgo hadił bitahdi niheleeh.	chʼiyáán=food, bee jiinánígíí = keeping you alive... means "something about the food is keeping you alive"									
greenhouse gas		níłch'i hado yiłhidideełii	Any gas that can absorb heat from Earth's surface and keeps it from leaving the atmosphere into space.	Níłch'i nahasdzáán bikáá'góó náhoniidohígíí yił hidideeł dóó doo yiidichxíid dago biniinaa doo nahasdzáán bits'ą́ąjį' aheldóoh da.										
habitat		hináanii bił haz'ą́	Place where an organism or a community of organisms lives, including all living and nonliving factors or conditions of the environment	Dahináanii kééhat'į́įgi áádóó ákwe'é haz'ą́ągi t'áá ałtsoní bee hahodít'éego haz'ą́				hináanii						
haploid		iiná bitł'óól t'áá łá'í	A cell or organism having a single set of chromosomes	Hinááts'ózí éí doodago hináanii bits'íístahdi iiná bitł'óól ałk'ídeesdizígíí chromosomes t'ááłáhájí t'éí biyi'di hólǫ́										
herbivore		naaldlooshii ch'il yiłchozhígíí	Animals that eat plants	Na'at'i'í éí doodago naaldlooshii chil deiłchozhígíí										
heredity		bił náás oochíił	The passing on of traits from parents to offspring through genetic information.	Dahináanii yizhchíigo bimá dóó bizhé'é yik'ehgo náás oołchíiłii bee bik'i' aschínígíí yee hadít'é yileeh										
heterotroph		hináanii ch'il dóó naaldlooshii yiyánígíí	An organism that eats plants or animals for energy and nutrients (compare with autotroph)	Ha'át'íi da hináanii bidziil dóó yee hináadoo biniyé ch'il/nanise' dóó níláhgóó dahináanii yiyą́				hináanii						
heterozygote		bik'ehgo náás oochíiłii naaki ał'ąą át'é	An individual who has two different alleles of a gene. Compare with homozygote.	Bíla'ashdla'ii bi'iiná bitł'óól bąąhgi bik'ehgo náás oochíiłii gene naaki ał'ąą át'éego hólónígíí										
hibernate		haigo iilhoshii	A state in which an animal’s body processes are slower than usual, its body temperature falls, and its activities are limited, usually during winter or when food is scarce.	Haigo éí doodago ch'iyáán doo łą́ dahólǫ́ǫ da haleehgo na'at'i'í dóó naaldlooshii bits'íís ni'át'įįh, doo ayóo naha'ná da, doo ayóo sizil da,										
homeostasis		t'ááłáhági áhoot'é	The ability of the body or a cell to maintain a stable internal environment despite changes in external conditions.	Níláhgóó ał'ąą ánáhoo'níił nidi ats'íístah di doodago hinááhts'óóz/ats'íís bitł'óól biyi'di t'ááłáhági áhoot'é.										
homologous		iiná bitł'óól aheełt'é	Similarity of DNA or RNA sequences, proteins, or traits due to shared ancestry	Iiná bitł'óól, DNA dóó RNA t'áá áłah ałkéé' danéedééhígíí, ats'íís bee haleehii proteins, éí doodago bik'ehgo ázhnoolnin dóó ájít'é yileehígíí ahedaałt'éego										
homozygote		bik'ehgo náás oochíiłii naaki aheełt'é	An individual who has two of the same alleles for a gene. Compare with heterozygote.	Bíla'ashdla'ii ła' biyik'ehgo náás oołchíiłii łahgo át'é silį́į́'ígíí naakigo bee hólǫ́.										
hormone		akááz bitoo'	Chemical substances that act as messenger molecules in the body. After being made in one part of the body, they travel to other parts of the body where they help control how cells and organs do their work	Akááz bitoo' ats'íís yee ákonízinígíí. Ats'íís biyi'di haleeh aadóó ats'íístahgóó hoo'nááł yileeh.										
hydrophillic		tó bitah yileehii	Molecules and surfaces that do interact with water	Ha'át'íi da bizhool,  molecules, éí doodago bikáá'góó tó bił ałtah yileehígíí										
hydrophobic		tó doo bitah yileehii	Molecules and surfaces that do no interact with water	Ha'át'íi da bizhool,  molecules, éí doodago bikáá'góó tó doo bił ałtah yileehígíí										
hypothesis		haalzíí baa ha'oodzíí'	A testable statement that explains a set of observations.	T'áádoole'é haalzíidgo haa da yit'ée doogo dóó bídí'nóol'ąął bohónéedzą́ baa ha'oodzíí'ígíí										
immigration		yah i'iinééh	The migration of individuals into a particular population or area from other populations or areas.  Compare with emigration.	Bíla'ashdla'ii tádínéehgo bíla'ashdla'ii bił haz'ą́ągo yitah yinééh éí doodago nááná łahgi haz'ą́ągi niinééhgo										
immune system		bee doo ihodééłníinii	A collection of cells and organs that help to defend an organism against pathogens.	Hinááhts'ózí dóó akááz éí doodago atsą́ siléí bitoo' t'áádoole'é ba'át'e' dahólóonii yich'ą́ą́h naalnishígíí										
individual		t'áá łahodít'éhégo	A single, separate organism distinguished from others of the same kind	Hináanii t'ááła' dahyikahígíí t'ááłá'ígo										
infection		naałniih ihodiiłt'i'	An illness caused by a pathogen, such as a virus, bacteria, or parasite.	Ba'át'e' hólóonii (pathogen) bits'ą́ą́dóó ii'noot'į́į́' doodago łóód haleehgo doo ákójít'ée da jileehígíí: naałniih (virus), ch'osh doo yit'íinii, éí doodago yaa' ádaat'éii.										
infectious		ąąh dahaz'ą́ yiłnih	The process of passing on illness or disease.	Ats'íís yihodiiłt'hii dóó yąąh dahooł'aahii idahidilnéehgo										
inherit		bił oochíiłii bee hazhdiidzaa	To receive a particular characteristic from a parent, usually through genes that are passed from parent to offspring.	Hamá dóó hazhé'é bits'ą́ą́dę́ę́' bik'ehgo náás oochíiłii binahjį' yee hadít'éhígíí bił ho'dizhchį́įgo										
inorganic		doo hináanii	Made of non-living materials. Compare with organic.	Ha'át'íi da doo dahináa dago daholónígíí bee ályaa. Hináanii bits'ą́ą́dę́ę́'go éí organic át'ée doo.										
insect		ch'osh	Small animals with six legs and a hard outer shell called an exoskeleton.	Hináanii ch'osh bidi'nínígíí éí hastą́ą́ bijáád dóó bits'a' dahólǫ́ǫgo yee bits'íís niłdzil éí exoskeleton wolyé.										
instinct		ájoot'įįł t'áá hooshch'į' bee joogáałii	An inherited behavior by animals that is not learned	Ha'át'íi da hináanii áát'įįłígíí t'áá bíni' dóó bintsékees át'éego bił yizhchį́, doo t'áá bí yíhooł'ą́ą' da.										
interphase		hinááhts'ózi noosééł	The period of time when a cell grows and copies of DNA are made.	Hinááhts'óóz dínéesą́ą́dóó biyi'di iiná bitł'óól bééda'alne' silį́į'jį				hinááhts'ózí						
intracellular		hinááhts'ózí bita'góó	Between or among cells	Hinááts'ózí bita'góó				hinááhts'ózí						
invasive species		hináanii ach'į' nahwiiłná	A species that was introduced to an ecosystem that was not there before and that causes hardship to other organisms Haa	Haa'í da t'áá íídą́ą́' yá'át'éehgo haz'ą́ągo hináanii nááná łahdę́ę́' yikahgo yah ee'nil nít'ę́ę́' ákwe'é dahinánígíí dóó haz'ánígíí yich'į' nidahwiilná silį́įgo				hináanii						
invertebrate		bíígháán ádaadinii	Any animal lacking a spinal cord (also known as a backbone). Compare with vertebrate.	Hináanii bíígháán ádaadinígíí.										
ion		atom/atom ahii'sinilgo bitsiniltł'ish hólǫ́	Atom or molecule with an electric charge	Atom atsiniltł'ish bąąh hólónígíí										
laboratory		na'alkaahgóne'	A place for science experiments, teaching, or the making of medicine or chemicals	Haa'í da haz'ą́ągo ákone' éé'deetįįh biniyé nida'alkaah, nida'nitin, éí doodago azee' dóó t'áá ha'át'ííshį́į́ béésh da, tó da, níłch'i da ałtah ádaalne'go bee t'áadoole'é ádaalne'										
lipid		ak'ah bizhool	Any organic material that does not dissolve in water but will dissolve in organic materials.  They are often used to make cell membranes.	Hináanii bits'ą́ą́dę́ę́' dahólónígíí doo tó bee nídí'eełii ákondi t'áá yił ahedaałt'éhígíí éí yee nídí'eeł. Bee hinááhts'ózí bik'ésti'ígíí nidahaleeh.										
mass extinction		t'áádoo hodina'í daneezná	Extinction of a large number of species within a short period of time	Hináanii ła' dahyikah nít'ę́ę́' t'áa hodina'í noonééł										
meiosis		ak'eelyéí	When a single cell divides twice to produce four cells containing half the original amount of genetic information. This is how gametes are made.	Hinááhts'ózí naakidi ałts'ánízéehgo dį́į́' yileeh. T'áá dį́į'go bik'ehgo náás oochííł bibee haz'áanii t'áá ałní'ídóó dabiyi' yileeh. Díí ak'eelyéí bee i'niitsąąhii haleeh.										
metaphase		hinááhts'ózí ałts'á níséego iiná bitł'óól ałkéé' niikah	The time during mitosis or meiosis where copies of chromosomes line up in the center of a cell	Hinááhts'ózí t'ááłáhádi éí doodago naakidi ałts'áníséego iiná bitł'óól ałníi'gi hasht'e' niikáahgo hodinaahígíí.				hinááhts'ózí						
microorganism		chʼosh doo yitʼínii	An organism too small to be seen without a microscope	Hináanii doo yit'íinii. Bee adéest'į́į́' dabidziilígíí t'éí bee daat'į́.	bug you can't see									
microscope		doo yit'íinii bee nél'íní	A device that makes very small objects or organisms larger so that they can be observed	Bee adéest'į́į́' ha'át'íi da áłts'íísígo doo yit'į́į da nidi nitsaago daat'į́įgo ádeile'										
migration		kéyah bii'iinééh dóó háá'iinééh	The movement of individuals in and out of a population or area	Bíla'ashdla'ii kéédahat'į́įgi yah ahekááh dóó ch'éédahakááh.										
mimicry		hináanii éél'íní	When one organism looks, sounds, or behaves like another species.	Ha'át'íi da hináanii nááná ła' hináanii yenoolnin, biinéé' yił aheełt'é, éí doodago yeel'į́įgo naaghá.				hináanii						
mineral		hadaat'e'	An inorganic substance that occurs naturally	Nahasdzáán biyi'dę́ę́' t'áádoole'é doo dahináanii bits'ą́ą́dę́ę́' hólónígíí										
mitochondria		bee iinéí ííł'íní	An organelle that takes in nutrients, breaks them down, and creates energy (ATP) for the cell	Hinááhts'ózí bitsą́ siléí ch'iyáán néidił'eeł dóó yee bidziil dóó biinéí yileehígíí										
mitosis		hinááhts'ózí ádéé'iiyaa	When a single cell divides into two identical cells	Hinááhts'ózí t'ááłá'í si'ánígíí ałts'á níséehgo naaki yileehígíí				hinááhts'ózí						
molecule		azhool ałch'į' siláhígíí	Two or more atoms that are joined because they share electrons	Atom naaki éí doodago díkwíi da ahidiilyáago binitsiniltł'ish bináhaazléí (electrons) ahiidiinił										
multicellular		hináanii hinááhts'óóz łą́ągo yee hadít'é	Organisms that consist of more than one cell. Compare with unicellular.	Hináanii bits'íís hinááhts'ózí łą́ągo yee hadít'éhígíí. Ła'éí hinááhts'ózí t'ááłá'ígo bits'íís nilį́.				hináanii						
mutation		bik'ehgo náás oochíiłii łahgo ádzaa	A permanent alteration in the DNA sequence	Iiná bitł'óól łahgo ádzaa.										
mutualism		hináanii ał'ąą át'é ahíłká aná'ahinilchééh	Association between organisms of two different species in which each benefits	Hináanii doo t'ááła' nilį́į da nidi ahíłká aná'ahinilchxéehgo				hináanii						
natural selection		hináanii t'áá ałtso yíníłdzilii	The process where organisms with the highest fitness in an environment survive and reproduce and their phenotypes become more common in the next generation. At the same time, organisms with the lowest fitness fail to survive or reproduce less and their phenotypes become less common in the next generation.	Hoolzhishgo ał'ąą ánáhoo'níiłgo hináanii yídaníłdzilígíí náás yikah dóó oołchíiłgo bits'íís hadidzaaígíí ayóo yit'į́. Łahgo át'éego éí hináanii bił áhoot'éhígíí doo yíníłdzilgóó éí t'óó áádįįł dóó bits'íís doo łahgo áániił da doo.				hináanii						
negative feedback loop		doo łahgo áyooliił da	When the outcome of a process reduces further change and the process becomes stable	Ha'át'íi da naalnishgo hoolzhish nít'ę́ę́' ni'áániił silį́į́' dóó bits'ą́ą́dóó doo łahgo áhooniił da yileeh éí náasdi hasht'e didooteeł										
negative feedback loop		t'áá łahígi niighááh	When the outcome of a process reduces further change and the process becomes stable	Ha'át'íi da naalnishgo hoolzhish nít'ę́ę́' ni'áániił silį́į́' dóó bits'ą́ą́dóó doo łahgo áhooniił da yileeh éí náasdi hasht'e didooteeł										
nerve		ats'óóz	Nerves are a collection of neurons that carry signals throughout the body	Ats'óóz t'áá łá'í nít'i'ígíí ats'íístahdi łą́ągo ahidadiit'i'go ats'íís yee ákonízin										
nervous system		ats'óóz bee hahodít'é	The brain, spinal cord, and nerves of an animal that together receive messages from other parts of the body and control how the body functions	Atsiighąą', atsiighąą' íígháán bii'nít'i'ígíí dóó ats'óóz t'áá ałtso hináanii bits'íís yee hadít'éhígíí ats'íístahgóó da'ahi'niihgo ats'íís hiná.										
neuron		atsiniltł'ish yooléełii	Cells that carry electrical charges through the body and are part of the nervous system. Also known as a nerve cell.	Ats'óóz t'áá łá'í nít'i'ígíí bitsiniltł'ish bąąhgóó hólǫ́. Nerve cell ałdó' deiłní.										
neutron		bitsiniltł'ish ádin	The components of an atom that have no charge	Atom yee hadít'éhígíí atsiniltł'ish bąąhgóó ádin.										
nitrogen cycle		níłch'i nitrogen hinílá	The movement of nitrogen through living organisms, the atmosphere, and the ground.	Níłch'i t'óó ahayóijį' t'áádoole'é dabitah nahasdzáán bikáagi, nahasdzáán biyi'góó, hót'áahdi níłch'i biyi'góó, dóó dahinánígíí bitahgóó ahéénílį́.										
nucleotide		iiná bitł'óól bee ályaii	The building blocks of the RNA and DNA, also known as 'bases'. The symbols for the four bases are A, T, G, and C.	Iiná bitł'óól, DNA dóó RNA bee haleehígíí (base deiłníigo hináanii bee hodooleełígíí)										
nucleus		hinááhts'ózí bijéí	The part of the cell that controls the functions of the cell and where DNA is found within a plasma membrane	Hinááhts'óóz yee naalnishgo biyi'di iiná bitł'óól ak'ah bineestiin, plasma. bik'í da'asti'go daholǫ́.				hinááhts'ózí						
nutrient		ats'íís yee hináanii	A substance that is needed for healthy growth, development, and function	T'áá ha'át'ííshį́į́ yidą́ągo bee na'nise', bee anoosééł, dóó binahjį' naanish ła' yit'ínígíí.										
observation	0	haalzííd	The data measured or seen, often during an experiment	Na'alkaahgo bééhózin silį́į'ii anáá' bee yitį́įgo haalzíídígíí.										
observation	1	nél'į́	@0	@0										
omnivore		ch'il dóó naaldloozhii yiyání	An animal that eats both plants and animals	Hináanii ch'il dóó hináanii naaldeehígíí bich'iiyą' áyósinígíí.										
organ		ats'íístahdi ahil naalnishí	A group of tissues in the body that has a specific form and function	Atsą́siléí t'áá ał'ąą át'éego binaanish dahólónígíí.										
organelle		hinááhts'ózí bitsą́siléí	A structure within a cell that is enclosed within its own membrane and has a function	Hinááhts'óóz/ats'íís bitł'óól biyi'di si'ą́ągo bik'ésti'ii hólǫ́ áádóó t'áá ha'át'ííshį́į́ binaanish.				hinááhts'ózí						
organic		hináanii bits'ą́ą́dę́ę́' ályaa	Made of or made by living organisms. Compare with inorganic.	Hináanii bits'ą́ą́dóó hazlį́į́'ígíí.				hináanii						
organism		hináanii	A living thing	Hináanii										
oxygen		níłchʼi bee iináanii	A chemical element found in the air	Níłch'i hót'ááhgóó hólónígíí										
parasite		yaa'	An organism that lives on or in another organism (its host).	T'áádoole'é hináago nááná łahjį' hináanii choyooł'į́įgo yee hinánígíí.										
parasitism		yaa'k'ehgo hiná	The practice of living as a parasite in or on another organism	Hináanii nááná ła' choo'į́įgo bee jiináago.										
pathogen		hináanii doo yit'íinii ba'át'e' hólóonii	A microorganism that causes, or can cause, disease or harm in the organism it lives in or on (its host)	Naałniih éí doodago ch'osh doo yit'íinii ba'át'e' hólǫ́ǫgo ats'íís biyi'di yihodiiłt'ihii.				hináanii						
pedigree		náás ahoolchíiłii yildił	A drawing that shows how ancestors and descendents are related	Náás oochííł, bits'ą́ą́dę́ę́' oodáał ii naaltsoos bikáá' naashch'ąą'										
phenotype		ats'íís silį́į' yit'į́ dóó bí'neel'ąąh bíighah	A trait of an individual that can be observed or measured	Bíla'ashdla'ii hazlį́į'go ánoolnin dóó át'éegi yit'į́įgo dóó bí'neel'ąąh bihónéedzą́ągo.										
photosynthesis		ch'il dootł'izhí dóó dahinánii shá yee biinéí	The process by which green plants and certain other organisms turns energy from the sun into chemical energy	Ch'il, nanise', dóó dahináanii ła' shánídíín yee bidziil dóó biinéígo áyósinígíí.										
physiology		ats'íís hiná silį́į́' naalkaah	How an organism's body functions or the scientific study of how organisms function	Hináanii bits'íís naalnishígíí éí doodago na'alkaahk'ehgo dahináanii bits'íís naalnishígíí bíhoo'aah.										
pioneer species		haa'í da hahonííchaadgi ałtsé dahiinaadígíí	The species that appear first in recently disturbed areas	Dahináanii alą́ąjį' dahóóchxǫ'góne' adahanééhígíí.										
plant		chʼil	An organism capable of photosynthesis	Nanise' ałtsaas'éí dóó ch'il shánídíín yee bidziilgo á'dólzingo hinánígíí.										
plasma		dil diyilii	The non-cellular portion of blood	Dił litsooí										
plasma membrane		akágí biyi'dę́ę́ ak'ah bizhool bik'ésti'	A network of lipids and proteins that forms the boundary between the inside of a cell and the environment that surrounds it.  Also called a cell membrane.	Ak'ah bineestiin dóó protein naneesdizgo akágí nilį́įgo t'áádoole'é bikí daasti'										
pollution		i’niiyą́ą́	The introduction of harmful materials into the environment. These harmful materials are called pollutants.	T'áádoole'é bááhádzidii tł'óó'di nahaz'ą́ą́góó yahiigeehgo. Díí bááhádzidii pollutants wolyé.										
population		t'ááłáhági haz'ą́ągi anoosééł	A group of individuals of the same species living and reproducing within a given area	T'ááłáhági haz'ą́ągi bíla'ashdla'ii éí doodago dahináanii t'áá ahedaałt'éhígíí kééhat'į́ dóó da'ahéelchííh										
population density		t'ááłáhági haz'ą́ągi noot'į́į́ł	The number of individuals of the same species living within a given area	Dahináanii kééhat'į́įgi haadahoníłtsogo hahoodzogo bii' haashį́į́ néelt'e' naaldeehígíí.										
positive feedback loop		t'áádoole'é hooleełgo łahgo áhooliił	When the outcome of a process causes further change and the process increases or decreases	Ha'átíi da álnéehgo bil hoolzhishgo álnééhígíí náás áániił éí doodago ni'áániił silį́į́'										
predation		naalzheehii na'ałtseed	The killing and eating of one organism (the prey) by another (the predator)	Hináanii dahináanii nááná ła' neitseed dóó yiyą́ągo.										
predator		naalzheehii	An organism that lives mostly by killing and eating other animals	Dahináanii hináanii náánáła' neiłtseed dóó yiyą́ąyee hiná										
pregnancy		ootsą́	The period of time in which an unborn offspring is carried within the body.	Ootsą́; I'niitsąąd dóó awéé' hazlį́į'jį'										
prey		nidaalzheehii bich'iiyą'	An organism that is hunted or caught for food, usually by a predator.	Dahináanii nááná łahdę́ę́' hináanii nida'ałtseedii chodabooł'ínígíí										
probability		ha'át'íi da doonííł nawólní	The chance that something will happen or of a hypothesis being correct	Haa da hoot'éedoo le' hasingo éí doodago na'alkaahgo naalkaahii ádoonííł nawólnínígíí										
producer		hinánii ch'iyáán bá siláii	Organisms that are capable of photosynthesis and are the basis of a food chain.	Dahináanii shánídíín choyooł'į́įgo yee biinéí dóó bidziil dahólǫ́ éí ts'ídá binahjį' ch'iyáán nihwiileeh										
prokaryote		hináanii bihinááhts'ózí bijéí dahólónígíí	A unicellular organism that does not have a nucleus and has few organelles.  Compare with eukaryote.	Ha'át'íi da hinááts'óóz t'ááła'í si'ą́ągo bits'íís nilį́įgo biyi'di bijéí, nucleus doo hólǫ́ǫ da				hináanii						
prophase		hinááhts'óóz ałts'á nooseeł	The first stage of mitosis or meiosis where chromosomes are compressed	Hinááhts'óóz ał'ąą át'éego ałts'á níséego, mitosis éí doodago meiosis, alą́ąjį' bee hahalzhííshígíí				hinááhts'óóz						
protein		ch'iyáán bee ats'íís haleehii	A chain of amino acids that can fold into a specific shape	Ch'iyáán ats'íís bee haleeh dóó hasht'éé yoodlííłígíí, protein, bee haleehígíí, amino acid, da'ahólzha' daaleeh dóó nidaat'ood łeh										
proton		atom bitsiniltł'ish shá bik'ehgo siláii	The components of an atom that have a positive charge	Atoms yee hadit'éhígíí biniltł'ish shábik'ehgo, clockwise or consistent with the sun's path, siláhígíí bąąh hólǫ́										
Punnett square		ats'íís ał'ąą át'é naashch'ąą'	A square drawing used to show the different genotypes possible in the offspring when two individuals reproduce	Bik'ehgo náás oochíiłii ał'ąą ádaat'éego bee hazhdít'éhígíí naasch'ąą'go ál'įįhígíí. Dik'ą́ągo si'ą́ą łeh.										
recessive		akéédóó héesdá	The allele that only determines the phenotype when the organism has two copies of it. Compare with dominant.	Bik'ehgo náás oochíiłii łahgo át'é silį́į́'ígíí, allele, akéédóó naalnishgo bik'ehgo ats'íís haidiił'įįh béé'ályaago naaki hwee hólónígíí.										
recessive trait		bee hojileehii akéédóó héesdáii	An inherited characteristic that appears in an offspring if it is received from a parent through a recessive allele. Compare with dominant trait.	Hats'íís dóó ájít'éhígíí bił ho'dizhchínígíí hamá dóó hazhé'é bits'ą́ą́dę́ę́' nízhdiiláhígíí éí bik'ehgo náás oochíił'ii akéédóó naalnishígíí, recessive, bik'ehgo hojizhlį́į́'.										
red blood cell		dił łichí'í	The blood cells that carry oxygen	Hadił łichí'í níłch'i'										
reproductive isolation		doo oochííł bá haz'ą́ą da	The situation where similar species may live in the same area, but they are unable to reproduce.	Haa'í da ha'át'íi da dahináanii t'ááłáhági bił haz'ą́ą doo nida'iiłchíigo hodeeshzhiizh										
reproductive system		oochííł bá siláii	The group of organs involved in reproduction	Ats'íís biyi'di bee idínótsąął dóó adoochííł biniyé dahólónígíí										
research		naʼałkaah	The creation of new knowledge or the use of existing knowledge in a new way so as to create new concepts, methods, and understandings	Na'alkaah bee éé'deetánígíí náás hideesnilgo íhoo'aah bínááhiniidééh	naʼałkaah=investigating/research									
resistance		dahináanii bidziil	The ability of an organism to withstand harmful effects	Hináanii naayéé' doo bidééłníi da á'dólzin										
respiration		níłch'i hwiinéí hósin	The process in which organisms release carbon dioxide, take in oxygen, and combine oxygen and sugar in order to produce energy (ATP)	Hináanii náhididziihgo níłch'i carbon dioxide yił hahayooł, níłch'i oxygen yił ahedziih, dóó níłch'i dóó łikání bits'íístah hólónígíí ałtah ííł'į́įgo yee biinéí dóó bidziilígíí ííł'į́										
respiratory system		níłch'i hwiihíílá dóó hááhiilá	The group of organs involved in the exchange of gas between an organism and the environment to make energy (respiration).	Atsą́ siléí internal organs ła' ats'íís biyi'di dóó ats'íís binaadę́ę́' níłch'I ałnánáálį́įgo yee biinéí dóó bidziilgo ábósin										
scientific method		na'alkaah bibeehaz'áanii	A way for scientists to study and learn things. In the first step, a problem is identified, then a hypothesis is made from existing information, and then the hypothesis is tested with an experiment.	Ałkéé' honí'ą́ągo na'alkaah bee doo naaki nilį́į́góó éé'deetį́į́h dóó íhoo'aah. I'diił'áii bééhózingo ál'įįh, át'éedoo dóó nídleeł baa nitáháskéezgo saad ál'įįh, díí baa nitsáháskéézígíí naalkaah,										
scientist		naʼałkaahí	People who discover new things and research how things work. They observe, measure, and communicate results	Na'alkaah yeda'aniihgo éé'deetįįh yinidaalnish dóó t'áá ha'át'ííshį́į́ hiná éí doodago naalnishgi át'áo yéé'dítį́į́h. Hada'asííd, ída'neeł'ąąh, dóó bił bééhoozinígíí yaa dahalne'.	Naʼałkaahíí=thing that does the investigating "Reseacher" . naʼałkaah=research, the íí is what makes it describing. 									
sex-linked gene		iiná dooleełii	A gene that is located on a sex chromosome	Bik'ehgo náás oochíiłii iiná bitł'óól ałk'ídeesdizígíí, chromosome, bee at'ééd éí doodago ashkii jileehígíí bąąhgi hólónígíí										
sexual reproduction		oochííł	The combination of gametes from two individuals to form unique offspring that are genetically different from their parents	Bee idí'nóotsąął amá dóó azhé'é bits'ą́ą́dę́ę́' ahidii'ashgo bee t'áá sahdii ázhnoolningo dóó ájít'éego hojileehígíí										
skeleton		ats’íísts’in	The internal hard structure that supports the body of a living thing	Ats'íís biyi'di nitł'izgo ats'íís bá naaz'á éí ats'íís yee sizį́ dóó naha'ná	akágí= skin (you modify the a depending what you're talking about)									
skin		akágí	An organ that formes the outer protective layer of the body.	Ats'íís yee hadít'éii, organ, ats'íís bik'ésti'ígíí										
solar energy		shánídíín	Light, heat, and other kinds of energy given off by the Sun	Shá, jį́honaa'éí, bits'ą́ą́dę́ę́' adinídíín, bits'áníłdoii, dóó bits'áshígishii										
specialist		haniihii	A species that requires specific environmental conditions or specific types of resources. Compare with generalist.	Dahináanii t'ááła' dahyikahgo ts'ídá bá yá'áhoot'éehgo haz'ą́ągi yee hináanii bá hólǫ́ǫgo t'éí náás yikah										
species		hináanii da'ahéelchííh	A group of organisms that can reproduce with one another and produce fertile offspring	Dahináanii t'ááłá'í danilį́įgo ałhá nida'iiłchíigo noosééł				hináanii						
sperm	0	ak'eelyéí	The male sex cell, or gamete in animals.  Compare with egg.	Hináanii biką'ígíí bik'eelyéí. Dabi'áádígíí ałdó' bik'eelyéí hólǫ́, biyeezhii (egg) deiłní.										
sperm	1	íígąsh	@0	@0										
spinal cord		atsiighąą' íígháán bii'nít'i'	Structure that begins at the the brain and continues down the spine and carries messages between the brain and the rest of the body.	Ats'íís yee hadít'éii atsiighąą' bits'ánít'i' dóó bíígháán bii' nít'i'go ats'iighąą' dóó ats'íístahgó áhoot'éii yił ééhósin										
starch		łikání nanise' yee hadít'é	The main form of stored carbohydrates in plants.	Nanise' ałtaas'éí łikání bii' hólónígíí										
sustainable		baa hą́ą́hasin	When a resource from the environment is not used faster than it is produced in nature.	Nahasdzáán bikáá' honí'ą́ą́góó ha'át'ííshį́į́ chodaa'ínígíí nihwiileehígíí doo bilááhgóó choo'į́į da										
symbiosis		ałhee hi'ná	Any longǫterm physical relationship between individuals of two different species, including mutualism and parasitism.	Hináanii doo t'ááła' nilį́į da nidi ałch'ishdę́ę́' ahee hidi'ná										
taxonomy		yízhí dóó óolyéhígíí	The science of naming and describing organisms.	Na'alkaahk'ehgo t'áá ałtsoní bízhi' dóó íiyisíí át'éhígíí baa hane'										
territory		akéyah	Any area defended by an organism or a group of similar organisms for their own use	Haa'í da haz'ą́ągo hináanii choyooł'į́įgo yaa hóchį'gi	would need to specify "who's land/area". Keya is land									
theory		bik'ehgo na'alkaahii	An explanation for why things work or how things happen that is supported by a large amount of scientific evidence	T'áá ha'át'íi da át'éegi dóó naalnishígi át'éego baa hane' dóó nábinázláago binahjį' áhá'nínígíí łą́ bééhózingo										
thermal energy		aziil	This type of energy (also known as heat energy) is created when molecules move around quickly and randomly within a substance, which releases heat.	Hado bee ayoonaałgo t'áá ha'át'íi da yee hadít'éii, molecules, ahídaha'náahgo yee niidoh dóó bits'á níłdoii										
tissue		hinááhts'óóz ahii' silá	A group of cells that perform a similar function	Hinááhts'ózí t'áá ahedaałt'éego dóó binaanish t'ááłá'ígo				hinááhts'óóz						
trait		hináanii át'é nilį́įgi	A characteristic of an organism that can be observed.	Hináanii bił bidizhchínígíí yit'į́ yileehdi				hináanii						
trophic level		hináanii ch'iyáán nilį́	An organism's position along a food chain	Hináanii ayą́ągo hiná dóó áadi ha'át'ííshį́į́ bich'iiyą' nánídlį́į́góne'				hináanii						
unicellular		hinááhts'óóz naagháii	Organisms that consist of one cell. Compare with multicellular.	Hináanii hinááhts'óóz t'ááłá'ígo bits'íís nilį́. Hináanii náádaała' éí hinááhts'óóz łą́ągo yee bits'íís dahólǫ́.				hinááhts'óóz						
urinary system		łizh bá haz'ą́ągi	The organs that remove waste from the body.	Ats'íís biyi'di siláhígíí ats'íís ałtso choyoos'įįdígíí níláhgóó yits'ą́ąjį' kwííł'ínígíí										
vertebrate		bíígháán dahólónígíí	An animal that has a spinal cord and a skeleton. Compare with invetebrate.	Hináanii naaldeehii, animals, bits'íísts'in dóó bitsiighąą' bíígháán bii' danít'i' ígíí										
vestigial (trait)		ats'iis	Cells, tissues, or organs in a body that have no apparent function and is similar to a functioning organ or structure in an ancestor.	Hinááhts'óóz ats'íís biyi'di binaanish t'ááła'ígo hólónígíí, tissues, ats'ą́ siláii ats'íís biyi'di hólǫ́ nidi doo choo'į́į dago yits'ą́ą́dę́ę́' yigáałii bits'íís hólónígíí ła' choyooł'į́ dóó binaanish hólónígíí t'áá yił aheełt'é										
virus		naałniih	A small parasite that lives within the cells of other organisms, cannot reproduce without the help of the cell it lives inside of, and causes disease.	Hináanii doo yit'į́į dago nááná łahdę́ę́' yigáałgo ats'íís bihinááhts'óóz biyi'di hiná silį́į́', dóó áadi hinááhts'óóz yee binahjį' noosééł yileeh áádóó bits'ą́ą́dóó ąąh dahaz'ą́ haleeh										
water cycle		tó binahat'a'	The movement of water on, above, or below the surface of our planet.	Tó nahasdzáán bikáá'góó dóó biyi' hólǫ́  dóó hót'ááhgóó dahólǫ́ éí hoo'nááł dóó danílínígíí bił ahééhwiizhíísh										
white blood cell		dił łigaaí	Cells that are part of the body's immune system that help the body fight infection and other diseases.	Hinááhts'óóz ats'íís yee bihodééłníi da áyósin éí ii'noot'į́į́', infection, dóó ąąh dahwiidooł'aałii yich'ą́ą́h naalnish										
zoology		naaldeehii naalkaah	The scientific study of animals	Hináanii naaldeehii, animals, ał'ąą át'éego dahyikahígíí haalzííd dóó naalkaahgo bíhoo'aah										
zygote		awéé'	The cell that forms after gametes are joined.	Amá dóó azhé'é bik'eelyéí bee i'niitsąądgo										