English word	English variant	Diné variant	Diné word	Biological definition in english	Defintion in Diné	Literal Translation	Distinction	See also (English)	See also (Diné)	Use in a sentence (English)	Use in a sentence (Diné)	Phonetic English	Phonetic Diné	English audio file name (leave blank for auto-generated)	Diné audio file name (leave blank for auto-generated)
abiotic factor			ááhoo'níił nayiiłnání	Any non living factor that impacts an ecosystem. For example, temperature.	Ááhoo'nííł éí bee hahodilyaii t'áá ałtso nahasdzáán dóó yádiłhił bii' siláhígíí ahił nidaalnishgo nináháhááhígíí éí nayiił'ná hadoh dóó hak'az ádaat'éii.					Plant growth can be affected by abiotic factors like sunlight, water, and temperature.					
ABO blood type			dił ał'ąą ádaat'éhígíí	A system used to group human blood into different types, based on the presence or absence of certain characteristics on the surface of red blood cells. The four main blood types are A, B, O, and AB	Bíla'ashdla'ii bidił bee bééhózindooígíí ádaalyaa. Hadił łichíí'ígíí bikáá'gónaa áhoot'éhígíí bik'ehgo háidígííshį́į́ hadił A, B, O, doodago AB.					If you have surgery, it is important to know your blood type. If you lose a lot of blood, doctors find a match for your ABO blood type so that your body accepts the donated blood. 					
acid			atsiniltł'ish bilááh éí doodago bi'oh ábóodziil	A substance that becomes more positively or negatively charged during a chemical reaction and releases hydrogen ions when dissolved in water.	Ha'át'íi da bitsiniltł'ish bilááh éí doodago a'oh yileehgo taah ji'áahgo níłch'i hydrogen bitsiniltł'ish hólǫ́ǫgo bits'á shígish.	sour				An acid - like lemon juice or  vinegar - is useful in a marinade because it breaks down the tissue and allows flavor and oil to enter.					
adaptation			bił ho'dizhchíinii bee jíłdzilígíí	A heritable trait that increases the fitness of an individual with that trait compared to individuals without that trait in a particular environment.	Bee ájít'éii bił ho'dizhchínígíí ła' bee hadziilgo jiinánígíí hái da nááná ła' ákót'éhígíí doo bił yizhchínígíí bił ałch'į' naa'nil aheełt'éego haz'ą́ągi haalzííd.					The Jackrabbit's large ears are an adaptation that helps them hear better and stay cool in the hot desert. 					
adult			hináanii oochííł yaa ninísą́	An organism that has reached sexual maturity.	Bíla'ashdla'ii oochííł yaa ninísą́ągo yaa hóyánígíí.				hináanii	A cat is an adult once it can have kittens.					
agriculture			kʼééʼdílyééh	The art, science, or practice of cultivating the soil, growing crops, and raising livestock	Dá'ák'eh, k'eelyéí, daneest'áanii, dóó iiná naalyé bíhoo'ą́ą́'	kʼééʼdílyééh= planting/agriculture	this applies to all types of vegetation. Word will change If start talking about specific planting of something ie "plant corn, kil dilyeeh"			Successful agriculture depends on farmers knowing the right time of year to plant their seeds, the correct soil, and how much water their plants need to grow.					
algae			tátłʼid	Unicellular or multicellular organisms occurring in fresh or salt water or moist ground, that have chlorophyll and other pigments but lack true stems, roots, and leaves	Tátł'id éí táyi' éí doodago hoditłéé'góó dahólǫ́ bits'íís bitł'óól t'áá łá'í éí doodago łą́ áádóó dootł'izh łeh éí doodago t'áá łahgo ánoolnin łeh.	łʼid= smoke , tá= under. =under water smoke type of thing/describing the hazyness of how it looks. 				Algae can grow as single cells or large green clumps and sometimes appear to cover the entire water surface if enough of them grow. They are similar to plants because they also use the sun to make their own food. 					
allele			bik'ehgo náás oochíiłii ał'ąą át'é	A particular version of a gene.	Bik'ehgo náás oochíił'ii łahgo át'éhígíí.					You have two copies of each gene in your genome.  If the copies are different, you have two alleles of that gene.					
amino acid			ats'íís bee nihwiileehii bá siléíí	The building block of protein. There are ą) amino acides, and each is specified by a DNA segment of three nucleotides (bases).	Ats'íís bee haleehii  naadiin ał'ąą ánéelt'e' éí ats'íís bitł'óól yee naalnishgo bee ats'íís hodooleeł dóó áadi hasht'éé yoodlííł.  Iiná bitł'óól, DNA, bee bóhólnííh éí bik'ehgo náás oochíiiłii táa'go bita'góó daníjaa'.					Different kinds of amino acids create proteins of many shapes and functions, just as different kinds of building materials can be used to make anything from a castle to a school to a shed.					
amphibian			biyáázh tsʼǫʼasánígíí	A vertebrate animal whose internal temperature depends on the environment (ectotherm). Most live in the water when young and live on land as adults. Examples include frogs, toads, and salamanders.	Dahináanii bíígháán dahólónígíí  éí binaagóó áhoot'éhígíí binahjį' bits'íís sidoh dóó sik'azígíí éí (ectotherm wolyé). Yichííhgo táyi' naaleeh áádóó dahdínísééh dóó éí dóó  tábąąhdi dóó łeeshtahdi dahiná. Ch'ał ádaat'éii  dóó salamanders ááł ha'ní.	someone's baby		ectotherm, organism, vertebrate		Frogs are amphibians that live as tadpoles in the water when they are young, and are able to walk on land as an adult after they grow legs.					
analyze			t'áádoole'é át'éegi nidanees'ą́ągi naalkaah	To study or examine something in detail, in order to discover more about it	T'áá ha'át'ííshį́į́ baa ajółta' éí doodago jinéł'į́įgo nijiłkaah t'áá nináníłtsojį' éí bee béézhdi'dootį́į́ł biniyé.					When you are confused about an object or idea and you want to know how it works, you will analyze it to better understand it.  					
anaphase			ats'íís bitł'óól ałts'ánísé	The stage of cell division in mitosis or meiosis in which the doubled set of chromosomes separates into two identical groups that move to opposite ends of the cell	Ats'íís bitł'óól ałts'á níséego iiná bitł'óól (DNA) bik'ehgo náás oochíiłii biyi'di naaki ałch'į' naazlá, éí t'áá ahedaałt'éego ałts'ákah dóó ahidiníł náádę́ę́' niikah áádóó ałts'á nísééh.										
ancestor	0		azází	One from whom an individual is descended, whether on the father's or mother's side, at any number of generations.	Hak'éí nát'ą́ą́' ahool'áago hamá dóó hazhé'é dabishchíníinii bits'ą́ą́dę́ę́' hojizhlį́į́'ígíí		less commonly used than ánaasází			Your grandfather, great-grandmother, and great-great grandmother are all your ancestors. 					
ancestor	1		ánaasází	@0	@0		most common			@0					
animal	0		naaldeehii	A large group of multicellular eukaryotic organisms.	Hináanii bits'íís bitł'óól (cells) daholónígíí biyi'di bijéí (nucleus) iiná bitł'óól dóó bik'ehgo náás oochíiłii nídahineeshzhee'. 	living things that move about				People, butterflies, fish, and cats are all examples of animals.					animal-that-move
animal	1		naaldlooshii	@0	@0	living things that trot or walk				@0					animal-that-trot
antibiotic			ch'osh doo yit'íinii bee naatseedí	A substance that kills or inhibits the growth of bacteria.	Ch'osh doo yit'íinii bee yigání éí doodago bee ni'óolziní					When harmful bacteria make you sick, the doctor may give you antibiotics to get rid of the bacteria.					
antibody			ats'íís bee doo bihodééłníinii	A protein produced by the body's immune system when it detects harmful substances	Ats'íís bee doo bihodééłníinii ats'íís hasht'éé yoodlíiłii (protein) áyiił'įįh ats'íís atíidoolíłii yaa ákoniizįįhgo					Antibodies are used by your body to defend itself against things like viruses, bacteria, or even cancer cells that may cause you harm.					
asexual reproduction			biką' dóó bi'áadii t'áá gééd oochííł	The process of creating offspring without exchanging genetic information with another organism through sex.	Azhé'é t'áágééd i'niitsąąh dóó ni'iichííh. Amá t'áá sáhá idínóoltsąął dóó adoołchííł.					A bacteria cell can make a copy of itself by splitting into two cells.  When something reproduces without a partner, it is called asexual reproduction.					
atom			atom	The smallest component of an element having the chemical properties of the element, consisting of a nucleus containing combinations of neutrons and protons and one or more electrons	T'áá ha'át'ííshį́į́ bee ályaii t'ááłá'í si'ą́ągo, atom wolyé, bijéí hólǫ́, bijéí biyi'di proton biniltł'ish shábik'ehgo bii' silá éí positive deiłní dóó neutron bitsiniltł'ish bąą ádin ákondi yee óchíidii, béésh ná'iiláhá nahalingo bii' hólǫ́. Atom bijéí bii' siléí					All matter is made up of atoms just as a crowd is made up of people. Matter can be composed of different types of atoms, or elements, just like the people in a crowd can be men or women, old or young, and short or tall.					
ATP (adenosine triphosphate)			ats'íís bitł'óól biziil	Principal molecule for storing and transferring energy in cells.	Ats'íís bitł'óól biyi'di t'áádoole'é si'ą́ągo ats'íís bitł'óól yee biinéí dooígíí bii' nihwiileeh dóó náásgóó ííł'į́					Cells use the food you eat to make  adenosine triphosphate, which  stores chemical energy that can be used  to do work like move molecules or grow.					
autoimmune disease			ats'íís ádík'ijį' naalnish	Occurs when the body's immune system attacks and destroys healthy body tissue by mistake	Ats'íís iisiihgo ádík'ijį' naalnish yileehgo ats'íís doo bąąhtééh da yę́ę niyiiłchxǫǫh yileeh					Sometimes your body's immune system mistakes your own cells as pathogens, this can cause autoimmune disease.					
autotroph			bich'iiyą' t'áá bí ííł'íinii	An organism capable of making its own food from inorganic substances using light or chemical energy (compare with heterotroph)	Hináanii t'áá bí ch'iyáán yidooyį́į́łígíí ííł' į́ t'áá ákǫ́ǫ́h binaagóó hólónígíí adinídíín dóó t'áádoole'é ałtah nihwiileehgo ahił nidaalnishígíí bits'ą́ą́ biziil choyooł'į́įgo					You've never seen pine trees eat food because they are autotrophs and use light, water, and carbon dioxide to gain energy. 					
bacteria		0	chʼosh doo yitʼínii	Microscopic single celled organisms.	T'áádoole'é bits'íís bitł'óól t'ááłá'ígo yee hiná ch'osh doo yit'íinii dabijiní	chʼosh=bug, doo yitʼínii= you can't see.	Also includes viruses			Even if your hands look clean it is important that you wash them to remove any harmful bacteria. 					
base			ats'íís bee nihwiileehii bá siléíí	A substance that becomes more positively or negatively charged during a chemical reaction and accepts hydrogen ions when dissolved in water.	Ha'át'íi da náádaa łahdę́ę́' ha'át'íi da bił ahiih yilyéehgo bitsiniltł'ish bilááh éí doodago a'oh yileeh  taah ji'áahgo níłch'i hydrogen bitsiniltł'ish náyiilááh					Many toothpastes include a base like baking soda as an ingredient because it can prevent bacteria from growing in your mouth.					
base pair			ats'íís bee haleehii ałch'į' nanideeh	Two nucleotides (also known as bases) that combine and join to make DNA. Base A combines with T and base G combines with C.	Bee iiná hodooleełii nucleotide naakigo ahidii'ash éí ats'íís bitł'óól DNA yileeh					DNA is shaped like a spiral staircase.  Like pieces of a puzzle, only certain base pairs can fit together to make the steps of the staircase.					
behavior			hináanii áát'įįłgi át'éego	How an organism acts	Hináanii áát'įįłígíí				hináanii	A spider building a web, a dog wagging its tail, or a bird calling for a mate are all examples of these organism's behavior.					
biochemical reaction			bee iináanii nidaalnish	In organisms, chemical reactions that help sustain life and allow cells to grow	Hináanii bits'íístahdi t'áá ałtso ahił nidaalnishgo yee hiná dóó bits'íís bitł'óól hazhó'ó danéesé					When you eat food, your body converts it into energy through a biochemical reaction called metabolism.					
biodiversity			hináanii ał'ąą ádaat'éhígíí	The variety of life and its processes, including the variety of living organisms, the genetic differences among them, and the communities and ecosystems in which they occur	Iiná ał'ąą ádaat'éego bits'ą́ą́dóó ayoonaałígíí éí díí dahináanii t'áá ałtso, bik'ehgo yee oołchíiłii dóó naaldeehgo bá nahaz'áą́góó dóó hózhǫ́ǫgo bá dahoo'a'gi				hináanii	The biodiversity in a desert includes the cacti, bats, lizards, hummingbirds, and beetles that live there.					
biogeochemical cycle			nahasdzáán iiná ánáyoodlííł	The cycle in which nitrogen, carbon, and other inorganic elements of the environment are converted into the organic substances of animals or plants and released back into the environment	Níłch'i nitrogen, t'eesh carbon dóó t'áádoole'é doo dahináanii bits'ą́ą́dę́ę́' dahólónígíí inorganic substances bił ááhoo'níiłgo bił hoogáałígíí hináanii nídanidlį́ dóó nahasdzáán bikáá'góó ał'ąą nídadilzhish					The water cycle is a biogeochemical cycle that describes the way water moves around the Earth.  It includes clouds forming, rain falling, plants absorbing water from the soil, and water evaporating from rivers and lakes.					
biology			iiná naalkaah	The scientific study of life and living organisms	Dahináanii t'áá ałtso baa nahodigį'go naalkaah	iiná=life, naalkaah= study. means to study life. 				In biology class, you learn how all of life functions and changes over time, from the smallest celled organisms to vast ecosystems.					
biome			iina bá yá'áhoot'éehgo haz'ą́	A regional or global land area that is characterized by the plants, animals and climate in that area	Nahasdzáán bikáagi haashį́į́ honíłtso haz'ą́ągo nanise' dóó naaldeehii bá yá'áhoot'éehgo bił hoolzhish					A desert is a biome that has plants and animals that live successfully with little or no rainfall.					
biosphere			hináanii bee hahodít'éegi	The thin zone surrounding Earth where all life exists	Nahasdzáán bikáá'góó áhoołts'óózígo honít'i'go iiná bináhaazlá				hináanii	The biosphere includes all of the places on Earth where organisms can live.					
biotic factor			hináanii ahił nidaalnish	Any living thing that has an effect on another organism, population, community, or ecosystem	Nahasdzáán bikáá'góó hináanii kéédahat'į́įgo bił nahaz'ánígíí hináanii t'áá át'é yiłdi'ígíí				hináanii	Plant growth can be affected by biotic factors like herbivores and pathogens.					
birth rate			nida'iichííh yéélta'ígíí	The number of total live births in comparison to the total population size in a specified community or area over a specified period of time	Bíla'ashdla'ii kééhat'į́įgi t'áá hoolzhishgóne' t'áá át'é yéélta'go dóó éí hoolzhishígíí haashį́į́ néelą́ą́' ániid náádaazhchínígíí yéélta'go ałhąą naa'nil.					If 20 calves are born on a farm with 100 total cows, then we could say that 0.2 calves are born for every cow on the farm (20 calves / 100 cows = 0.2 calves per cow).					
blood			dił	Body fluid in humans and other animals that delivers necessary substances such as nutrients and oxygen to the cells and transports waste away those cells	Bíla'ashdla'ii bits'íístoo' dóó hináago naaldeehii bits'íístoo' bits'íístahgóó dóó bits'íís bitł'óól biyi'góó níłch'i dóó ch'iyáán dóó yee hináanii ayiił'eeł áádóó ats'íís ałtso choyoos'įįdii níláhgóó ats'á yiile	dił=blood				Your body will stop functioning if it loses too much blood, because blood contains the oxygen and nutrients your body needs. 					
botany			nanise' ałtaas'éí naalkaah	The scientific study of plants	Chil dóó nanise' ał'ąą ádaat'éii naalkaah					You are studying botany when you learn about how plants function, grow, and reproduce.					
brain			atsiighąąʼ	The organ in the body which controls the functions of the body, interprets and stores information, and affects intelligence and emotion.	Ats'íís bii' siléí ats'íís t'áá át'é naalnishgo áyósin, ádahoot'éii t'áá ałtso yaa ákonízin dóó yénálniih, dóó bik'izhdiitáanii baa nitsídzíkees dóó háni' nilíinii yiyoołnaał	ghąąʼ= matter. atsii= heads. So the "matter in your head"				Your brain gives you the ability to think, speak, move, and remember.					
camouflage			bee na'nit'inii	When organisms disguise their appearance to blend in with their surroundings	Hináago naaldeeh dóó nidaat'a'ii binaagóó áhoot'éhígíí yee hadiit'įįhgo doo yit'į́į da yileeh					Jackrabbits are brown so that they camouflage with the dirt and avoid being seen by predators.					
carbohydrate			łikání bich'į' iinéí	An important nutrient used as energy by the body and made mostly of sugars	Ch'iyáán íiyisíí bee ats'íís bidziil dóó biinéí áyósinígíí. Łikání t'éí át'é.					Your body can use the carbohydrates  in foods like bread and potatoes  as sources of energy. 					
carbon cycle			níłch'i carbon dioxide náhoodleeł	The movement of carbon dioxide between the atmosphere, living organisms, and land and acquatic ecosystems.	Níłch'I carbon dioxide wolyéhígíí hót'ááhgóó dóó níłch'I bitahgóó, dahináanii bitahgóó dóó táyi'góó hoo'nááłgo ahééhwiilzhíísh					The carbon cycle describes the way carbon atoms move around the Earth.  Carbon atoms move around when animals decompose, plants grow, fossil fuels are burned, and oceans absorb carbon dioxide (CO2).					
carnivore			naaldeehii daʼalghałígíí	Animals that eat other animals	Hináanii naaldeehii naaldeehii deiyánígíí	naaldeehii=animals; daʼalghałígíí=eaters or butchers.			naaldeehii	Mountain lions have very sharp teeth because they are carnivores and need to tear apart the animals they eat. 					
carrying capacity			hináanii kéyah choyooł'į́	Maximum population size of the species that the environment can sustain, given the food, habitat, water, and other necessities available in the environment	Naaldlooshii haashį́į́ néelt'e'go íiyisíí kéyah bikáá'go da' ayą́ągo bihonéedzą́				hináanii	If you use too many apps on your cell phone at once, it will slow down or stop working.  Similarly, the environment has a carrying capacity and can only support a certain number of organisms, otherwise the population size will decrease.					
catalyst			bee adiiltłáadii	Any substance that increases the rate of a reaction without itself being consumed	Bee adiiltłáadii t'áadoole'é ahidiilyéego bee bina'anishígíí					A catalyst makes an unlikely reaction more likely. For example, lactase is an enzyme catalyst that increases the rate that lactose, found in dairy products, is turned into two types of sugar that our bodies can use.					
cell	0		ats’íís bik’ǫ́ǫ́’	The cell is the smallest unit with the basic properties of life, such as growth, sensing the environment, and reproduction.	Ats'íís bitł'óól éí ats'íís bee ályaaígíí ts'ídá t'ááłá'ígo si'ánígíí náhidínísé, binaagóó yaa ákonízin, dóó ádéé'ál'į́įgo noosééł.	ats’íís= body, bi=it, tł’óól= strand.	look at it through microscope	reproduction		Your body is composed of around 37 trillion cells! That is a big number but there are even more bacteria cells that live on and in you: around 100 trillion.		sel			cell-microscope
cell	1		ats'íís bitł'óól	@0	@0	@0	refers to DNA in cell. Often used when talking about cancer	@0		@0		@0			cell-dna
cell	2		hinááhts'ózí	@0	@0	hinááh = life, ts'óózí=small. Means "small unit of life"	Shorthand of the formal word	@0		@0		@0			cell-short-form
cell	3		hinááhts'óóz	@0	@0	@2	Formal word	@0		@0		@0			cell-formal
cell body			ats'óóz bijéí	A part of a neuron that contains the nucleus where incoming signals are received.						The cell body of a neuron is like a train station.  It coordinates incoming and outgoing signals for the neuron.					
cell division			ats'íís bitł'óól ałts'á dahinisé	The formation of new cells when an existing cell divides.	Ats'íís bitł'óól ałts'á níséehgo bee ats'íís bitł'óól ániidígíí náhoodleeł					Bacteria like E. coli reproduce by cell division, where one cell copies itself and splits into two cells.					
cell membrane			ats'íí bitł'óól bik'ésti'í	Network of lipids and proteins that forms the boundary between the inside of a cell and the environment that surrounds it.  Also called a plasma membrane.	Ats'íís bitł'óól bik'ésti'í éí ak'ah bizhool dóó ch'iyáán ats'íís hasht'ééyooldlíiłii bizhool bee ályaago ats;íís bikésti'					The cell membrane is like the "skin" of the cell.  It separates the inside of the cell from the surrounding environment.					
cell wall			nanise' bihinááhts'óóz bikágí	A structural layer surrounding cells of plants, bacteria, and other non-animal cells, found just outside the cell membrane	Chil nanise', ch'osh doo yit'íinii dóó naaldeehii danilínígíí  yee nanise' dóó nanit'ąígíí bikágí.					Penicillin is an antiobitic that can kill bacteria by stopping them from making cell walls.  This is why doctors prescribe it when you have an infection.					
cellular respiration			nanise' binéí á'dólzin	The process through which cells convert sugars into ATP (energy)	Ats'íís bitł'óól yee biinéí dóó hinánígíí yee ádinaalnishígíí					Cellular respiration takes place in the mitochondria and it produces the energy needed for cells to function properly.  					
charge			atsiniltł'ish	The amount of electricity an object has, determined by the number of protons and electrons it has	T'áá ha'át'íi da protons dóó electrons bináhaazléí wólta'go bitsiniltł'ish ánéelt'e dóó ábóodziilígíí					An element has a neutral charge if it has an equal number of protons and electrons. It has a +1 positive charge if it has one more proton than electron.  It has a -1 negative charge if it has one more electron than proton.					
chemical			ha'át'íi da doo łahgo ánéehii	A substance that has a constant composition and characteristic properties.	Ha'át'íi da t'ááłáhági át'éego hadít'é dóó t'ááłáhági át'éego naalnishígíí					Did you know water is a chemical?  Each molecule of water contains two hydrogen atoms and one oxygen atom that bond together, which is why it is called H20.					
chemical energy			t'áádoole'é biziil	This type of energy is what holds atoms of a molecule or molecules of a substance together. When these groups of atoms or molecules are separated during a chemical reaction, chemical energy is released, often as heat.  When organisms photosynthesize or digest food, chemical reactions provide chemical energy for their growth and development.	T'áádoole'é yee bidziilii yee ałch'į' bótá'ii. Díí ałtsá'niłgo yee bidziilii áyóó' át'éego sidogo bits'áshígish					The battery in your car or phone uses checmical energy from the battery to function.					
chemical reaction			t'áádoole'é łahgo áániił	Any process in which substances combine or are broken down into other substances when chemical bonds between atoms are formed or broken	Ha'át'íi da t'ááła' bizhi'go t'áá náó'nííłgo bits'ą́ą́dóó t'áá ha'át'ííshį́į́ náádleeł doo áko bee ályaii yee da'áhótą'ígíí ałts'á há'nííł éí doodago łahgo át'éego ádaalne'					Jewlery that is made of nickel and silver can produce a chemical reaction with oxygen that will turn your skin green.					
chemotroph			t'áádoole'é adinídíín yee biziil ánáyoodlííł	Cells that create their own energy and biological materials from inorganic chemicals	Hinááts'ózí cells binaagóó ha'át'íi da doo hináanii bits'ą́ą́dę́ę́' dahólónígíí yee biinéí doo bidziil dooígíí t'áá bí ííł'į́					Most chemotrophs live in harsh environments like hot spring pools or near thermal vents at the bottom of the ocean.					
chlorophyll			nanise' bitoo' dootł'izhí	Any green molecule that converts light energy into chemical energy during photosynthesis	Nanise' yee dadootł'izhígíí adinídíín (shánídíín) łahgo áyiił'įįhgo bee bitoo' naalnish yileehgo biinéí					Plants use different colored pigments, such as chlorophyll, to absorb light and turn it into chemical energy, just as solar panels absorb sunlight and convert it to electricity.					
chloroplast			nanise' biziil ííł'íní	A cell organelle that produces energy through photosynthesis	Nanise' bihiináts'ózí biyi'di si'ą́ągo adinídíín yee binéí áyosinígíí					If we think of chlorophyll as the solar panels of the plant cell, then chloroplasts are like a field that contains many solar panels.  					
chromosome			iiná bitł'óól bit'oh	A structure made up of DNA tightly coiled many times around proteins	Iiná bitł'óól nídahineeshzhee'go ats'íís bitł'óól biyi'di dahólónígíí					Humans have two copies of 23 chromosomes.  People who have an extra copy of one or part of their 21st chromosome are born with a condition called Down Syndrome.					
circadian rhythm			habił dóó ts'ísee háni' nilį́	A natural, internal process that regulates daily cycles of sleep or inactivity and wakefulness or activity	Niyiiłkaah dóó aná'át'áahjį' hats'íís biyi'di ajiłhosh, ninájílnish dóó hasht'ez dít'é bee bíhólníihgo nijigháhígíí					The circadian rhythm of sunflowers lets them anticipate the timing and direction of the sunrise each morning so that they can face their flowers towards the sun.					
circulatory system			hats'oos	The system that moves blood, oxygen, nutrients, waste, and other materials throughout the body. The circulatory system includes the heart, arteries, and veins	Hats'íístahgóó hadił nidaazlį́įgo bee níłch'i dóó ch'iyáán hats'íís bitah hólǫ́ǫgo áyósin áádóó hats'íís ałtso choyoos'įįdígíí hats'áyiiléego jiinánígíí. Kót'éego binaanishígíí éí hajéídíshjool, hats'oos łichí'í dóó hats'oos dootł'izhí.					When you have high blood pressure, your circulatory system doesn't function as well becuase your heart has to work harder to pump the same amount of blood through your body.					
climate change			níłch'i ał'ąą ánáá'nííł łahgo áániił	The change in global or regional weather patterns over time.  This occured naturally over time, but recently increased levels of carbon dioxide due to the use of fossil fuels from the mid to late ą)th century onwards has caused climate change to occur faster.	Nahasdzáán bikáá'góó dóó hót'ááhgóó áhoot'éhígíí hado dóó hak'az, níłtsą́, dóó nídaadzasígíí łahgo áániił. T'áá bí éí łahgo ánáánííł nít'ę́ę́' k'adgo níłch'i carbon dioxide wolyéhígíí bilááh ánéelt'e' silį́į́' ałk'idą́ą́' dahináanii bik'éé dahwiilzhiizhii bits'ą́ą́dóó kǫ' choo'į́įgo biniinaa níłch'i ał'ąą ánáá'nííł łahgo áyiilaa.					Climate change is causing weather extremes, such as increasing temperatures and making droughts more common in the southwest United States.					
codominance			bił ho'dizhchíinii bee hojizlį́į́'ígíí	A form of inheritance in which both alleles are expressed equally in the phenotype of the heterozygote						When a chicken with white feathers breeds with a chicken with black feathers, the next generation has both black and white feathers because both alleles for feather color are codominant.					
community			t'ááłáhági kéédahat'į́	Interacting group of various species in a common location	T'áá łáhági haz'ą́ągi ha'át'ííshį́į́ dahinááshį́į́ ahił nidaalnish dahinánígíí					Hummingbirds and fields of flowers are in the same community because the hummingbirds need the flowers for nectar and the flowers need hummingbirds to spread their pollen.  					
competition			bee iináanii ałghaadzį́į́s	A negative interaction that occurs whenever two or more organisms require the same limited resource	Dahináanii t'ááłáhági haz'ą́ągo kééhat'į́įgo bee da'iináanii ałghadeidit'áahígíí					In the winter when there are few plants, the deer are in competition with one another for who gets to eat them.					
consumer				An organism that obtains food by feeding on other organisms.						A hawk is a consumer that eats mice and other small mammals.  Mice are also consumers and eat plants and bugs.					
corrosive			báhádzidii ayánígíí	A highly reactive substance that causes obvious damage to living tissue	Ha'át'íi da bideezla' ayóo atí'áł'į́įgo ats'íís átííł'ínígíí					Many household cleaners like bleach are corrosive because they can start to burn and harm your skin when left on the surface for too long. 					
cytoplasm			hinááhts'ózí biyi' di bijéí binaagóó hólónígíí	All of the contents of a cell excluding the nucleus	Ats'íís bitł'óól biyi' hólónígíí t'áá át'é ákondi bijéí nucleus éí doo bił ólta'góó				hinááhts'ózí	If we think of a cell as a jello salad, the cytoplasm is like the jello because it suspends and holds the contents inside.					
data			bee ééhóznii yéélta'ii	A collection of facts, such as numbers, words, measurements, observations or descriptions of thing	T'áá ha'át'íi da dayéélta', bída'néél'ąądígíí, saad da, haalzíidgo bikáá' ályaii, dóó baa hane'go aha'ádaalyaii					When you write notes about something you see, like the number of petals on a flower, you are collecting data.					
death rate			łahgo haz'ą́ bii' anoonééł	The number of total deaths in comparison to the total population size in a specified community or area over a specified period of time	Haa'í da diné kééhat'į́įgo daashį́į́ néelt'e' ákwe'é kééhát'į́ éí daashį́į́ néelt'e' haashį́į́ nízahjį' nihoolzhiizhgo daneeznánígíí/bikéé' ádahasdįįd yéélta'ígíí ałch'į' sinilgo baa hane'					If 20 cows die on a farm with 100 total cows, then we could say that 0.2 cows die for every cow on the farm (20 calves / 100 cows = 0.2 calves per cow).					
decay			hináanii diłdzid	The breakdown of dead organism through the action of bacteria and fungi	Hináanii ła' daaztsą́ągo ch'osh doo yit'íinii dóó dláád ádaat'éii yaa tįįh yikaigo ałtso dííłdzidgo				hináanii	The mold we see on old fruit is a type of fungus that decays the fruit. 					
decompose			hináanii diłdzidgo leezh náádleeł	The process by which dead organic substances are broken down into simpler organic or inorganic material	Ha'át'íi da hináá nít'ę́ę'go ádin silį́į́' dóó bits'íís táánoodééh dóó dííyahgo ła' łeezh nídaasdlį́į́' dóó bits'iilzéí dahólǫ́.				hináanii	The leaves that fall on the ground during autum are important because they decompose and become a part of the soil, which helps other plants grow. 					
desert			hóółtséigo dzígai	Barren area of land where little precipitation occurs	Kéyah bikáá'góó áłch'į́į́dígo ninádahałtį́įhgi					The Sonoran Desert is found in the southwestern United States and the species that live in it can survive long periods of time with little to no rain.					
diffusion			nishigizh	The movement of molecules from an areas where there are many to where there are fewer	T'áá ha'át'íi da bizhool molecules łą́ hólónídóó áłch'į́į́dí hólǫ́ǫjį' ashiigéeshgo					As you add tea leaves to hot water, the tea will start to spread through the water.  This is an example of diffusion.					
digestive system			ch'iyáán náyoołkąąłii	The organs that take in food and liquids and break them down into substances that the body can use for energy, growth, and tissue repair. Waste products the body cannot use leave the body through bowel movements	Atsą́ níléí ch'iyáán dóó jidlánígíí néedił'eel dóó bitoo' ádaat'éí yee ats'íís bidziil, biinéí, dóó hats'íís háidoodlííł. Ha'át'ííshį́į́ hats'íís doo choyooł'į́į da dooígíí éí hach'íí' bee níláhgóó kót'į́					Your digestive system includes your mouth, stomach, and intestines. All of these organs play a role in breaking down food you can absorb nutrients and energy.					
diploid			hinááhts'ozí iiná bitł'óól naaki bee hólǫ́	A cell or organism having two sets of chromosome	Ats'íís bitł'óól éí doodago hináanii bi iiná bitł'óól ałk'í daadeesdizígíí chromosomes naaki níláago bee dahólónígíí				hinááhts'ózí	Most cells in our body are diploid and have a copy of each chromosome from both of our parents.					
disease			ąąh dahaz'ą́	A change in a living body that prevents it from functioning normally.	Ats'íís haashį́į́ yidzaago doo hazhó'ó naalnish da silį́į'go bee bihodiit'i'					When many think about diseases we first think about cancer or the flu. However, it is important to not forget about mental health diseases like depression or anxiety. 					
DNA			iiná bitł'óól	A long molecule that contains our unique genetic information. It holds the instructions for making all of the proteins in our bodies.	Ats'íís bitł'óól nineezgo hats'íís biyi'di hólónígíí bik'ehgo náás oochíiłii yee hadít'é. Bik'ehgo ch'iyáán ats'íís ánáyoodlíiłii proteins hats'íístahgóó hólónígíí nihwiileeh.					Construction workers need instructions to know how to build a building.  Cells use DNA as instructions to tell them what to do and how to make things.					
DNA replication			iiná bitł'óól ádéé'alnééh	The process by which DNA is copied during cell division	Ats'íís bitł'óól ałts'á hiniséego iiná bitł'óól biyi'di dahólónígíí bééda'alne'					In humans, DNA is about 6 billion base pairs long. DNA needs to be copied accurately each time a cell divides. Sometimes there can be an error in the DNA replication process. This is one way mutations can arise.					
dominant			bee ats'íís haleehii alą́ąjį' naalnish	The allele that determines the phenotype when present in a homozygote or heterozygote. Compare with recessive.	Bik'ehgo náás oochíiłii bee ázhnoolnin dóó ájít'éhígíí áyiił'įįh hamá dóó hazhé'é bits'ą́ą́dę́ę́' bik'ehgo náás ooch'íiłii bee hojileehígíí aheełt'éego (homozygote) éí doodago doo aheełt'ée dago (heterozygote)					An individual with one allele for type-O blood and one allele for type-B blood will have type-B blood because the  allele for type-B blood is dominant to the allele for type-O blood. 					
dominant trait			bee ats'íís haleehii alą́ąjį' naalnish bee ájít'é yileehii	An inherited characteristic that appears in an offspring if it is received from a parent through a dominant allele. Compare with recessive trait.	Ho'dizhchíídóó hojizhlį́į'go ázhnoolnin dóó ájít'éhígíí bee jinooséełii hamá dóó hazhé'é bits'ą́ą́dę́ę́' bik'ehgo náás oochíiłii alą́ąjį' (dominant) naalnishígíí bik'ehgo jinoosééł silį́į'go.  Recessive éí bik'ehgo náás oochíiłii akéédóó bik'ehgo anoosééł.			dominant		A dominant trait is determined by a dominant allele. For example, if you have an allele for light eyes and an allele for dark eyes you will have dark eyes because that allele is dominant over the allele for light eyes.   					
ecology			naaldeehii bił haz'ą́	The study of how organisms interact with one another and with their environment	Hináanii ał'ąą ádaat'éhígíí bił haz'ą́ągi ahił dahi'ná dóó binaagóó áhoot'éhígíí chodayooł'ínígíí				naaldeehii	Emissions from coal plants can affect the ecology of an ecosystem by polluting the environment and affecting how organisms survive and interact with each other.					
ecosystem			hináanii bił haz'ą́	An environment including every living organism and non-living factor that is contained within it	Nahasdzáán bikáa'gi haz'ą́ągo ákwe'é ha'át'ííshį́į́ dahinááshį́į́ dóó doo hináanii bee hahodít'éhígíí t'áá ałtso				hináanii	Deserts, rain forests, and and coral reefs are all ecosystems with distinct climates and species.					
ectotherm			naaldeehii yee sizilí	An organism whose internal temperature depends on the temperature of their surrounding environment	Hináanii naaldeehii binaagóó áhoot'éhígíí bik'ehgo bits'íístahdi sizil dóó náhiniik' áás					Ectotherms, like lizards, can't control their body temperature and often lay in the sun to warm up.					
egg	0		ayęęzhii	The female sex cell, or gamete. Compare with sperm.	Asdzání bik'eelyéí	animal egg				In many species, females pass on their DNA to their offspring through their egg cells. 					animal-egg
egg	1		k'eelyéí	@0	@0										
electron			atom bináhaazléí	The components of an atom that have a negative charge	Atoms bee ályaii shádáahjigo bitsiniltł'ish hoo'nááłígíí					Electrons are the glue that hold atoms together when they combine to form a molecule.					
element			áʼádaatʼéhígíí	A pure substance that is made of only one type of atom. Elements cannot be broken down into any simpler substance.	Ha'át'íi da atom t'ááłá'ígo bee ályaaígíí. Atom t'ááłá'i yileehgo doo tanáó'níiłgo ha'át'íi da náádoodleeł da.	skip				Elements are made up of a group of atoms that are all the same, just like a field of corn is made up of many individual corn plants.					
emigration			ch'ída'iinééh	The migration of individuals out of a particular population or area to other populations or areas.  Compare with immigration.	Bíla'ashdla'ii dayikah nít'ę́ę́' yits'á dahanééhgo nááná łahjí dahyikahígíí yił yah adahnéehgo.					You could say that when you leave your classroom and walk out into the hall that you are emigrating from your classroom. 					
endotherm			ats'íís sizilígíí	An organism whose internal temperature can be contantly maintained and does not depend on the temperature of their surrounding environment	Dahinánii dóó naaldeehii bits'íís silzil dóó náhiniik'áásígíí t'áá łáhági silkidgo ádayósinígíí. Binaadę́ę́' nahooniidoh dóó náhoniik'asígíí éí doo binahjį' bits'íís sizil da.					You are an endotherm! Endotherms often have hair or feathers to help keep warm and may sweat or pant to cool down. These adaptations help them maintain a constant temperature.					
energy			’ahóodziil	The ability to do work, produce change, or create heat.  There are many types of energy.  For example, heat energy (also known as thermal energy) is created when molecules move around quickly and randomly within a substance, which releases heat.  Chemical energy is what holds atoms of a molecule or molecules of a substance together.  When these groups of atoms or molecules are separated during a chemical reaction, chemical energy is released, often as heat.  When organisms photosynthesize or digest food, chemical reactions provide chemical energy for their growth and development.	T'áádoole'é biziil yee biinéí dóó bidziilgo yee naalnish, ha'át'íi da łahgo áyooliił, doodago hadoh bits'ą́ą́dóó hólǫ́ (thermal energy). Łą́ ał'ąą át'é.	’ahóodziil= energy. (you modify the a depending what you're talking about)				The sun is a source of heat energy because it warms the earth.  Plants convert light from the sun into chemical energy through photosynthesis.  					
energy pyramid			shá biziil dahináanii bitah silį́į́'ígíí	A picture that represents how much energy, initially from the sun, is retained or stored in living organisms at each trophic level in an ecosystem	Shá bits'ą́ą́dę́ę́' deesdoiígíí hináanii bił nahaz'ą́ądi dóó biyi'di hasht'e dit'eehígíí.										
environment			kéyah bikáa'gi haz'ánígi	The air, water, and land in or on which all living organisms live	Dahináanii dóó naaldeehii bá haz'ą́ągi níłch'I, tó, dóó kéyah yee dahinánígíí					Cacti can survive in hot and dry environments because they are good at storing and conserving water.					
enzyme			ch'iyáán yidiłidí	A substance that acts as a catalyst in living organisms, regulating the rate at which chemical reactions proceed without itself being altered in the process	Naaldeehii bits'íístahdi ch'iyáán yididiiłił go yee bidziil dóó hináadoogo éí ch'iyáán bits'íístahdi shoogishígíí yee yidiłidígíí hodooleeł éí ch'iyáán yidiiłtláadgo bits'ą́ą́dóó biinéí dóó bidziil.					People that are lactose intolerant cannot make the enzyme called lactase which prevents them from digesting lactose in milk.					
epidermis		0	akágí	The outermost layer of cells of any multicellular organism	Hináanii bits'íís bitł'óól (cells) bikágí					Your skin is your epidermis and it protects the inside of your body from harm.					
equilibrium			ahíhooneel'ą́	A state of balance or stable situation where opposite effects cancel each other out and no changes are occuring.	Ha'át'éegi da haz'ą́ągi t'áá ałtsoní hasht'e dadiit'eeh dóó ha'át'íi da doo ba'át'e' hólǫ́ǫ da yileeh. Ha'át'íi da doo ałk'ijį dooldził da, ahíhoneel'ą́ haleeh.					A see-saw is in equilibrium when both kids are perfectly balanced on it.					
eukaryote			hináanii bihinááhts'ózí bijéí dahólónígíí	Organisms whose cells contain a nucleus. Compare with prokaryote.	Hináanii bits'íís bitł'óól biyi'di bijéí dahólónígíí				hináanii	Most of the living things you see around you, including all plants and animals, are eukaryotes.					
evidence			bee éédahozinii	The available facts or information that indicate a belief or statement is true or valid	Ha'át'íida t'áá aaníí át'é bee bééhózinígíí nídiilyáago binahjį' baa ha'oodzíí' dóó woodlánígíí t'áá aaníigo baa nitsáhákees.										
evolution			ayoonaał	Changes in the frequency of alleles over generations	Ayoonaałgo bik'ehgo náás oochíiłii łahgo ánídaa'níiłgo bik'ehgo ahii' háá' ayoochííł.					Over the course of evolution, birds like ostriches lost the ability to fly as they evolved to survive well without flight.					
exoskeleton			hináanii bits'a'	A hard covering on the outside of the body used for support, protection, and muscle attachment. Examples include the shells of snails and the outer covering of beetles.	Hináanii bits'a' dahólónígíí bits'íís bits'a' yee naazį́ dóó naaghá.				hináanii	Scorpions have an exoskeleton that protects them from predators.					
experiment			t'áádoole'é nabíhonitaah	A test done in order to learn something or to discover whether something works or is true.	Ha'át'íi da t'áá aaníí át'é dóó ó'ooł'įįłgi nabíhonitaahgo naalkaah.					If you have dipped your toe into water  to see if it was warm enough for you  to swim, then you have conducted an  experiment!					
extinct			hináanii ła' bił ahóóyá	Occurs when there are no more individuals of that species alive anywhere in the world	Ha'át'íi da ałtso eeldee' éí doodago bił ahóóyáago doo ła' yidziih da silį́į́'ígíí				hináanii	Wooly mammoths died thousands of years ago and this species is now extinct.					
extinction			hináanii ałtso iildéeh	The act or process of a species becoming extinct	Dahináanii ła' ha'át'ííshį́į́ biniinaa áádįįł silį́į'go				hináanii	There are very few black footed ferrets still alive and they are at risk for extinction.					
fertilization (reproductive)			ak'eelyéí ahidiinahgo iilts'ąąh	The process of combinine the male sperm with the female egg to produce a cell called a zygote.	Hináanii biką' dóó bi'áádígíí bik'eelyéí ahidiina'go bits'ą́ą́dóó biyázhí iilts'ą'ígíí.					Most of the living things you see around you, including all plants and animals, are eukaryotes.					
fitness			hohónéedzą́	The ability of an individual to produce successful offspring compared to other individuals of the same species.	Hináanii biyázhí yishchínígíí yisdádoogáałgo bidziilgo hináadoo					In many species, organisms pass on their DNA to their offspring when an egg and sperm cell combine during fertilization.					
food chain			ch'iyáán hinílá	A linear sequence of organisms through which nutrients and energy pass as one organism eats another	Dahináanii ałkéé' bił honí'ą́ągo dahnaazhjaa'go bich'iiyą' nídanidlį́					A large, healthy deer that mates often will have higher fitness than a small, unhealthy deer that doesn't mate as often.					
food web			ch'iyáán bee hahodít'é	Represents multiple pathways through which energy and nutrients flow through an ecosystem. It includes many intersecting food chains. It demonstrates that most organisms eat, and are eaten, by more than one species.	Ch'iyáán dahideezláádóó dahiníláajį' bee hahodít'éego nahaz'ą́. Łahgóó ahéédadiit'I'					Eagles eat mice, mice eat grain, and these three species form a food chain.					
fossil			hináanii bits'iil	Evidence of living organisms that lived long ago	Ałk'idą́ą́' dahináá nít'ę́ę́'yę́ę bits'iil				hináanii	Dinosaur bones are fossils and they tell us when and where dinosaurs used to live. 					
fossil fuel			ats'iil choo'ínígíí	A material formed from the decomposing organisms that can release energy as heat or be used for work. These fuels are found within the Earth and exist in limited quantities. Examples include coal, oil, and natural gas.	Dahináanii daneeznánée dadiłdzid bits'ą́ą́dóó ha'át'íi da nihwiileehígíí biziil (energy) bits'áłdohígíí (heat) bee nida'anish. Nahasdzáán biyi'di dahólǫ́ haashį́į́ danéelt'e'go. Łeejin/tsékǫ', ak'ah łizhiní dóó níłch'i  ászólí ááh ha'ní.					Oil, gas, and coal are called fossil fuels because they are made from the carbon and hydrogen of living things from millions of years ago. Power plants release carbon dioxide when they burn fossil fuels, which contributes to climate change.					
fungi			dláád	Living organisms that get their nutrients by absorbing them.	Hináanii bich'iiyą' binaagóó hólónígíí néidił'eełgo bikágí biníkáágóne'  biihishigéeshgo yee hiná.					The green or white patches on old bread are a type of fungi called mold.					
gamete			ak'eelyéí bee idí'nóotsąąłii	A haploid reproductive cell that joins with another haploid reproductive cell of the opposite sex to form a diploid zygote.	Bi'áadii bik'eelyéí bihinááts'óóz biyi'di iiná bitł'óóól ałk'ídaadeesdizígíí chromosomes t'áá ałní'ígo ánéelt'e' dóó biką'ii bik'eelyéí bihinááhts'óóz biyi'di iiná bitł'óóól ałk'ídaadeesdizígíí chromosomes t'áá ałní'ígo ánéelt'e'ígíí ahidiinahgo bits'ą́ą́dóó biyázhí (zygote) bits'íís bihinááhts'óóz biyi'di iiná bitł'óól ałk'ídadeesdizígíí t'áá át'é bii' dahólǫ́.					Sperm and eggs are examples of haploid cells.					
gene			bik'ehgo náás oochíiłii łago át'e silį́į́'ígíí t'áá át'é	A section of DNA that is the unit of heredity for a trait.	Iiná bitł'óól bąąhgi bik'ehgo jinooséełgo t'áá jizį́į́ nít'ę́ę́' ájít'é dooleełígíí					In cats, fur length is determined by one gene, but body size is influenced by many genes.					
gene pool			bik'ehgo náás oochíiłiii	All of the alleles of all the genes in a population of a specific species at a given time.	T'áá hoolzhishgi dahináanii t'áá sahdii dahyikahgo yik'ehgo náás oołchíiłii łahgo át'é daazlį́į'ígíí t'áá ałtso ááł jiní					A species with red and orange flowers has alleles for red and orange flower color in its gene pool.					
generalist			hináanii t'áá ałtso yíníłdzilii	A species that can thrive in many different environmental conditions or use different types of resources. Compare with specialist.	Dahináanii ła' dahyikahgo łahgo ánáhoo'níiłgi kéédahat'į́ éí doodago yee dahináanii ał'ąą ádaat'éego yee kééhát'į́				hináanii	A raccoon is an example of a generalist.  It lives in a variety of habitats, from cities to forests, and it eats a lot of different types of food.					
generation			hináan t'áá ła' yikahígíí	All of the organisms born and living at about the same time. In humans, mother and daughters represent two generations	Hináanii t'áá ałhąąh daazhchí dóó danihinánígíí, Amá dóó ach'é'é éí naakidi azhchínígíí át'é					During elementary school, all the kids in your class are a part of your generation because all of you have similar ages. 					
genetic disorder			iiná bitł'óól łahgo ádzaii binaałniih	A disease that is caused by a change (mutation) in an individual's DNA sequence	Bik'ehgo náás oochíiłii ałkéé' sinilyę́ę łahgo ádzaago ba'át'e' hazlį́į'go bits'ą́ą́dóó ąąh dahaz'ą́ bił oochííł yileeh.					A disease like xeroderma pigmentosum makes you sensitive to sunlight and is a genetic disorder because it can be inherited from your parents.					
genetically engineered			iiná bitł'óól łahgo ályaa	The deliberate modification of the characteristics of an organism by changing its DNA or RNA	Ha'át'íi da hináanii bits'íís dóó bíni' da yee hadít'éhígíí t'áá ákólnéehgo be'iiná bitł'óól łahgo ál'įįhígíí					There are types of corn that have had their DNA genetically engineered so that they can resist insect herbivores.  Organisms that have had their DNA engineered are called genetically modified organisms (GMOs).					
genetics			bik'ehgo náás oochíiłii naalkaah	The study of genes and inheritance in living organisms	Dahináanii yik'ehgo náás oołchííłígíí dóó yił oołchíiłii nidaalkaahgo t'áá át'é bíhoo'aah					A scientist who studies corn genetics researches how traits and diseases are inherited and affect yield.					
genome			hináanii be'iiná bitł'óól t'áá ałtso	All of an organism's DNA	Ha'át'íi da hináanii bits'íís bitł'óól t'áá ałtso bits'íís bii' hólónígíí				hináanii	We can compare the genomes of different people to see if we can identify which alleles cause diseases.					
genotype			hái da bi allele t'áá ałtso	All of the alleles in a given individual's genome	Ha'át'íi da hináanii yik'ehgo náás oołchíiłii łahgo át'é daazlį́į́'ígíí t'áá ałtso					A sheep's genotype may include alleles for white wool and black wool, but because the black allele is dominant, the sheep's phenotype will be black wool.					
geology			nahasdzáán naalkaah	The science that deals with the earth's physical structure, the materials it is made of, its history, and the processes that act on it.	Nahasdzáán ninálkaahgo ha'át'íi da yee hadít'éhígíí, biyi'di dóó bikáá'góó hólónígíí dahazlį́į́'dę́ę́' dóó yee naalnishígíí bíhoo'aah	nahasdzáán=earth, naalkaah= study				A scientist who studies geology can research how structures like mountains and canyons were formed.					
global warming			nahasdząąn bikáá'góó honiidóóh	The increase in the Earth's average temperature. Recently, temperatures are rising rapidly due to increases in the levels of greenhouse gases.	Nahasdzáán bikáá'góó sidooígíí de'áániił. Níłch'i hado yił hidideełígíí, greenhouse gases, łą́ dahshoogish silį́į́'ígíí biniinaa nahasdzáán ayóo sido silį́į́'.					One of the results of burning fossil fuels is global warming, which is causing a rise in the average temperature of the planet.					
glucose			chʼiyáán náálkąąd bee jiinánígíí	The simple sugar that is the main source of energy. Glucose is found in the blood and is the main sugar that the body makes.	Łikání hadił bitahdi hólǫ́ǫgo íiyisíí bee hadziil dóó hwiinéí áhósinígíí óolyé. Łikání glucose wolyéhígíí hadił bitahdi hólǫ́ éí hats'íís ííł'į́įgo hadił bitahdi niheleeh.	chʼiyáán=food, bee jiinánígíí = keeping you alive... means "something about the food is keeping you alive"				Someone with diabetes needs to monitor their glucose levels, which is the amount of sugar that is in their bloodstream. 					
greenhouse gas			níłch'i hado yiłhidideełii	Any gas that can absorb heat from Earth's surface and keeps it from leaving the atmosphere into space.	Níłch'i nahasdzáán bikáá'góó náhoniidohígíí yił hidideeł dóó doo yiidichxíid dago biniinaa doo nahasdzáán bits'ą́ąjį' aheldóoh da.					Greenhouse gases act like a blanket around Earth, trapping heat instead of letting it escape from the atmosphere.					
habitat			hináanii bił haz'ą́	Place where an organism or a community of organisms lives, including all living and nonliving factors or conditions of the environment	Dahináanii kééhat'į́įgi áádóó ákwe'é haz'ą́ągi t'áá ałtsoní bee hahodít'éego haz'ą́				hináanii	Some animal species can only survive in a specific habitat, like roadrunners that live in the deserts, brushlands, and grasslands of North America.					
haploid			iiná bitł'óól t'áá łá'í	A cell or organism having a single set of chromosomes	Hinááts'ózí éí doodago hináanii bits'íístahdi iiná bitł'óól ałk'ídeesdizígíí chromosomes t'ááłáhájí t'éí biyi'di hólǫ́					Unlike most cells in our body, egg and sperm cells are haploid and have one copy of each chromosome.					
herbivore			naaldlooshii ch'il yiłchozhígíí	Animals that eat plants	Na'at'i'í éí doodago naaldlooshii chil deiłchozhígíí					Rabbits are herbivores that only eat leaves, seeds, twigs, and other parts of plants.					
heredity			bił náás oochíił	The passing on of traits from parents to offspring through genetic information.	Dahináanii yizhchíigo bimá dóó bizhé'é yik'ehgo náás oołchíiłii bee bik'i' aschínígíí yee hadít'é yileeh					Scientific discoveries about heredity allow scientists to identify the causes of many genetic disorders.					
heterotroph			hináanii ch'il dóó naaldlooshii yiyánígíí	An organism that eats plants or animals for energy and nutrients (compare with autotroph)	Ha'át'íi da hináanii bidziil dóó yee hináadoo biniyé ch'il/nanise' dóó níláhgóó dahináanii yiyą́				hináanii	People, insects, fish, and birds are examples of heterotrophs because they must eat plants and animals to survive.					
heterozygote			bik'ehgo náás oochíiłii naaki ał'ąą át'é	An individual who has two different alleles of a gene. Compare with homozygote.	Bíla'ashdla'ii bi'iiná bitł'óól bąąhgi bik'ehgo náás oochíiłii gene naaki ał'ąą át'éego hólónígíí					Individuals who only have one sickle cell allele are heterozygotes at that locus and will not display sickle cell disease.					
hibernate			haigo iilhoshii	A state in which an animal’s body processes are slower than usual, its body temperature falls, and its activities are limited, usually during winter or when food is scarce.	Haigo éí doodago ch'iyáán doo łą́ dahólǫ́ǫ da haleehgo na'at'i'í dóó naaldlooshii bits'íís ni'át'įįh, doo ayóo naha'ná da, doo ayóo sizil da,					Many animals that live in the mountains hibernate because there is little food in the cold winter months. 					
homeostasis			t'ááłáhági áhoot'é	The ability of the body or a cell to maintain a stable internal environment despite changes in external conditions.	Níláhgóó ał'ąą ánáhoo'níił nidi ats'íístah di doodago hinááhts'óóz/ats'íís bitł'óól biyi'di t'ááłáhági áhoot'é.					You sweat when it is hot and shiver when it is cold because of homeostasis. This is your body's way of staying at a constant temperature.					
homologous			iiná bitł'óól aheełt'é	Similarity of DNA or RNA sequences, proteins, or traits due to shared ancestry	Iiná bitł'óól, DNA dóó RNA t'áá áłah ałkéé' danéedééhígíí, ats'íís bee haleehii proteins, éí doodago bik'ehgo ázhnoolnin dóó ájít'é yileehígíí ahedaałt'éego					Bees, ants, and wasps share a homologous trait of three-part bodies (abdomen, thorax, and head) because they have shared ancestry.					
homozygote			bik'ehgo náás oochíiłii naaki aheełt'é	An individual who has two of the same alleles for a gene. Compare with heterozygote.	Bíla'ashdla'ii ła' biyik'ehgo náás oołchíiłii łahgo át'é silį́į́'ígíí naakigo bee hólǫ́.					Individuals who have two sickle cell alleles are homozygotes at that locus and will display sickle cell disease.					
hormone			akááz bitoo'	Chemical substances that act as messenger molecules in the body. After being made in one part of the body, they travel to other parts of the body where they help control how cells and organs do their work	Akááz bitoo' ats'íís yee ákonízinígíí. Ats'íís biyi'di haleeh aadóó ats'íístahgóó hoo'nááł yileeh.					Type II diabetes is a result of being unable to regulate blood sugar levels because the body doesn't respond to a hormone called insulin correctly.					
hydrophillic			tó bitah yileehii	Molecules and surfaces that do interact with water	Ha'át'íi da bizhool,  molecules, éí doodago bikáá'góó tó bił ałtah yileehígíí					Salt is hydrophilic; it is easily dissolved when it is mixed with water.					
hydrophobic			tó doo bitah yileehii	Molecules and surfaces that do no interact with water	Ha'át'íi da bizhool,  molecules, éí doodago bikáá'góó tó doo bił ałtah yileehígíí					Oil is hydrophobic; it will not dissolve when mixed with water.					
hypothesis			haalzíí baa ha'oodzíí'	A testable statement that explains a set of observations.	T'áádoole'é haalzíidgo haa da yit'ée doogo dóó bídí'nóol'ąął bohónéedzą́ baa ha'oodzíí'ígíí					You think bees prefer sunny days over cloudy days because it is unlikely to rain on sunny days.  You test your hypothesis by comparing the number of bees visiting flowers on both sunny and cloudy days.					
immigration			yah i'iinééh	The migration of individuals into a particular population or area from other populations or areas.  Compare with emigration.	Bíla'ashdla'ii tádínéehgo bíla'ashdla'ii bił haz'ą́ągo yitah yinééh éí doodago nááná łahgi haz'ą́ągi niinééhgo					When you get a cut it is important to wash it with soap and water so you do not get an infection. 					
immune system			bee doo ihodééłníinii	A collection of cells and organs that help to defend an organism against pathogens.	Hinááhts'ózí dóó akááz éí doodago atsą́ siléí bitoo' t'áádoole'é ba'át'e' dahólóonii yich'ą́ą́h naalnishígíí					Someone who has the flu is infectious for the first couple of days because they can give the flu to others. 					
individual			t'áá łahodít'éhégo	A single, separate organism distinguished from others of the same kind	Hináanii t'ááła' dahyikahígíí t'ááłá'ígo					Type II diabetes is a result of being unable to regulate blood sugar levels because the body doesn't respond to a hormone called insulin correctly.					
infection			naałniih ihodiiłt'i'	An illness caused by a pathogen, such as a virus, bacteria, or parasite.	Ba'át'e' hólóonii (pathogen) bits'ą́ą́dóó ii'noot'į́į́' doodago łóód haleehgo doo ákójít'ée da jileehígíí: naałniih (virus), ch'osh doo yit'íinii, éí doodago yaa' ádaat'éii.					Our immune system is made up of white blood cells and tissues like our skin which can protect us from bacterial and viral infections					
infectious			ąąh dahaz'ą́ yiłnih	The process of passing on illness or disease.	Ats'íís yihodiiłt'hii dóó yąąh dahooł'aahii idahidilnéehgo					One individual corn plant will produce between two and four ears of corn.					
inherit			bił oochíiłii bee hazhdiidzaa	To receive a particular characteristic from a parent, usually through genes that are passed from parent to offspring.	Hamá dóó hazhé'é bits'ą́ą́dę́ę́' bik'ehgo náás oochíiłii binahjį' yee hadít'éhígíí bił ho'dizhchį́įgo					When somone notices that siblings look alike, they are seeing similar traits that the siblings inherited from their parents. 					
inorganic			doo hináanii	Made of non-living materials. Compare with organic.	Ha'át'íi da doo dahináa dago daholónígíí bee ályaa. Hináanii bits'ą́ą́dę́ę́'go éí organic át'ée doo.					Inorganic substances like metal and turquoise can be used to make a turquoise bracelet.					
insect			ch'osh	Small animals with six legs and a hard outer shell called an exoskeleton.	Hináanii ch'osh bidi'nínígíí éí hastą́ą́ bijáád dóó bits'a' dahólǫ́ǫgo yee bits'íís niłdzil éí exoskeleton wolyé.					A ladybug is an insect because it has six legs and an outer shell; however, a tick is not an insect because it does not have six legs.					
instinct			ájoot'įįł t'áá hooshch'į' bee joogáałii	An inherited behavior by animals that is not learned	Ha'át'íi da hináanii áát'įįłígíí t'áá bíni' dóó bintsékees át'éego bił yizhchį́, doo t'áá bí yíhooł'ą́ą' da.					Building a nest is an instinct; birds know how to build nests without being taught. 					
interphase			hinááhts'ózi noosééł	The period of time when a cell grows and copies of DNA are made.	Hinááhts'óóz dínéesą́ą́dóó biyi'di iiná bitł'óól bééda'alne' silį́į'jį				hinááhts'ózí	Cells spend most of their time in interphase, before making preparations to divide.					
intracellular			hinááhts'ózí bita'góó	Between or among cells	Hinááts'ózí bita'góó				hinááhts'ózí	If the rooms of your house are cells, the hallways between the rooms are like intercellular space.					
intercellular				Located or occuring between or among cells. Compare with intracellular.						If the rooms of your house are cells, the hallways between the rooms are like intercellular space.					
invasive species			hináanii ach'į' nahwiiłná	A species that was introduced to an ecosystem that was not there before and that causes hardship to other organisms Haa	Haa'í da t'áá íídą́ą́' yá'át'éehgo haz'ą́ągo hináanii nááná łahdę́ę́' yikahgo yah ee'nil nít'ę́ę́' ákwe'é dahinánígíí dóó haz'ánígíí yich'į' nidahwiilná silį́įgo				hináanii	Russian olive trees and buffelgrass are invasive species that outcompete native species and negatively affect of the environment.					
invertebrate			bíígháán ádaadinii	Any animal lacking a spinal cord (also known as a backbone). Compare with vertebrate.	Hináanii bíígháán ádaadinígíí.					Worms, bees, and snails are all invertebrates.					
ion			atom/atom ahii'sinilgo bitsiniltł'ish hólǫ́	Atom or molecule with an electric charge	Atom atsiniltł'ish bąąh hólónígíí					A neutral atom has equal amounts of positive and negative charges, but an atom that becomes more positively or negatively charged is an ion.					
laboratory			na'alkaahgóne'	A place for science experiments, teaching, or the making of medicine or chemicals	Haa'í da haz'ą́ągo ákone' éé'deetįįh biniyé nida'alkaah, nida'nitin, éí doodago azee' dóó t'áá ha'át'ííshį́į́ béésh da, tó da, níłch'i da ałtah ádaalne'go bee t'áadoole'é ádaalne'					Any space set aside for performing science experiments is a laboratory. This could even include your own backyard. 					
lipid			ak'ah bizhool	Any organic material that does not dissolve in water but will dissolve in organic materials.  They are often used to make cell membranes.	Hináanii bits'ą́ą́dę́ę́' dahólónígíí doo tó bee nídí'eełii ákondi t'áá yił ahedaałt'éhígíí éí yee nídí'eeł. Bee hinááhts'ózí bik'ésti'ígíí nidahaleeh.					Butter, lard, and oil are examples of lipids, which make up our cell membranes.					
mammal				Vertebrate animals that have hair or fur, produce milk, and often give birth to live offspring.						Mammals live in a variety of different environments. For example, horses run on land, whales swim in the ocean, and bats fly through the sky.  					
mass extinction			t'áádoo hodina'í daneezná	Extinction of a large number of species within a short period of time	Hináanii ła' dahyikah nít'ę́ę́' t'áa hodina'í noonééł					Mammals live in a variety of different environments. For example, horses run on land, whales swim in the ocean, and bats fly through the sky.  					
meiosis		0	ak'eelyéí	When a single cell divides twice to produce four cells containing half the original amount of genetic information. This is how gametes are made.	Hinááhts'ózí naakidi ałts'ánízéehgo dį́į́' yileeh. T'áá dį́į'go bik'ehgo náás oochííł bibee haz'áanii t'áá ałní'ídóó dabiyi' yileeh. Díí ak'eelyéí bee i'niitsąąhii haleeh.					Scientists are concerned that climate change could cause a mass extinction event, similar to the one that occurred after the last Ice Age.					
metabolism				The chemical reactions in the body's cells that change food into energy.						Your body's metabolism is influenced by the food you eat, your age, and how much you exercise.					
metaphase			hinááhts'ózí ałts'á níséego iiná bitł'óól ałkéé' niikah	The time during mitosis or meiosis where copies of chromosomes line up in the center of a cell	Hinááhts'ózí t'ááłáhádi éí doodago naakidi ałts'áníséego iiná bitł'óól ałníi'gi hasht'e' niikáahgo hodinaahígíí.				hinááhts'ózí						
matter				Any substance that has mass and takes up space.						A flashlight, a stove, and a cow are all made of matter.  However, the light from a flashlight, the heat from a stove, and the sound of a cow are not types of matter.  These are all forms of energy.					
microorganism		1	chʼosh doo yitʼínii	An organism too small to be seen without a microscope	Hináanii doo yit'íinii. Bee adéest'į́į́' dabidziilígíí t'éí bee daat'į́.	bug you can't see				Sperm and egg cells are created through meiosis.					
microscope			doo yit'íinii bee nél'íní	A device that makes very small objects or organisms larger so that they can be observed	Bee adéest'į́į́' ha'át'íi da áłts'íísígo doo yit'į́į da nidi nitsaago daat'į́įgo ádeile'					You need a microscope to see cells dividing.					
migration			kéyah bii'iinééh dóó háá'iinééh	The movement of individuals in and out of a population or area	Bíla'ashdla'ii kéédahat'į́įgi yah ahekááh dóó ch'éédahakááh.					To find food, geese migrate to the north during the summer and migrate back to the south during the winter.					
mimicry			hináanii éél'íní	When one organism looks, sounds, or behaves like another species.	Ha'át'íi da hináanii nááná ła' hináanii yenoolnin, biinéé' yił aheełt'é, éí doodago yeel'į́įgo naaghá.				hináanii	Stick insects use mimicry to trick predators into thinking they are twigs.					
mineral			hadaat'e'	An inorganic substance that occurs naturally	Nahasdzáán biyi'dę́ę́' t'áádoole'é doo dahináanii bits'ą́ą́dę́ę́' hólónígíí					Precious stones like onyx and turquiose are minerals.					
mitochondria			bee iinéí ííł'íní	An organelle that takes in nutrients, breaks them down, and creates energy (ATP) for the cell	Hinááhts'ózí bitsą́ siléí ch'iyáán néidił'eeł dóó yee bidziil dóó biinéí yileehígíí					Power plants supply electricity to your home, just like the mitochondria supplies energy to the cell. 					
mitosis			hinááhts'ózí ádéé'iiyaa	When a single cell divides into two identical cells	Hinááhts'ózí t'ááłá'í si'ánígíí ałts'á níséehgo naaki yileehígíí				hinááhts'ózí	As we grow, our cells divide through mitosis to create new cells.					
molecule			azhool ałch'į' siláhígíí	Two or more atoms that are joined because they share electrons	Atom naaki éí doodago díkwíi da ahidiilyáago binitsiniltł'ish bináhaazléí (electrons) ahiidiinił					Water is a molecule because it is made when two hydrogen atoms and one oxygen atom combine together. 					
multicellular			hináanii hinááhts'óóz łą́ągo yee hadít'é	Organisms that consist of more than one cell. Compare with unicellular.	Hináanii bits'íís hinááhts'ózí łą́ągo yee hadít'éhígíí. Ła'éí hinááhts'ózí t'ááłá'ígo bits'íís nilį́.				hináanii	Horses, mushrooms, and cacti are multicellular organisms because they are made of many cells. 					
mutation			bik'ehgo náás oochíiłii łahgo ádzaa	A permanent alteration in the DNA sequence	Iiná bitł'óól łahgo ádzaa.					Mutations are common.  Every person has a lot of mutations, but most of them are not harmful.					
mutualism			hináanii ał'ąą át'é ahíłká aná'ahinilchééh	Association between organisms of two different species in which each benefits	Hináanii doo t'ááła' nilį́į da nidi ahíłká aná'ahinilchxéehgo				hináanii	A mutualism occurs between people and the bacteria that live in our intestines.  The bacteria gain nutrients while they help us digest food.					
natural selection			hináanii t'áá ałtso yíníłdzilii	The process where organisms with the highest fitness in an environment survive and reproduce and their phenotypes become more common in the next generation. At the same time, organisms with the lowest fitness fail to survive or reproduce less and their phenotypes become less common in the next generation.	Hoolzhishgo ał'ąą ánáhoo'níiłgo hináanii yídaníłdzilígíí náás yikah dóó oołchíiłgo bits'íís hadidzaaígíí ayóo yit'į́. Łahgo át'éego éí hináanii bił áhoot'éhígíí doo yíníłdzilgóó éí t'óó áádįįł dóó bits'íís doo łahgo áániił da doo.				hináanii	Natural selection will favor desert mice with light fur because they are less likely to be seen by predators.					
negative feedback loop			doo łahgo áyooliił da	When the outcome of a process reduces further change and the process becomes stable	Ha'át'íi da naalnishgo hoolzhish nít'ę́ę́' ni'áániił silį́į́' dóó bits'ą́ą́dóó doo łahgo áhooniił da yileeh éí náasdi hasht'e didooteeł					The thermostat functions as a negative feedback loop because it keeps the temperature within a building stable by turning on the air conditioning if the temperature gets too hot or turning it off if it gets too cold.					
negative feedback loop			t'áá łahígi niighááh	When the outcome of a process reduces further change and the process becomes stable	Ha'át'íi da naalnishgo hoolzhish nít'ę́ę́' ni'áániił silį́į́' dóó bits'ą́ą́dóó doo łahgo áhooniił da yileeh éí náasdi hasht'e didooteeł					When you get near a hot stove, your skin sends signals to your brain through your nerves to warn you to move away.					
nerve			ats'óóz	Nerves are a collection of neurons that carry signals throughout the body	Ats'óóz t'áá łá'í nít'i'ígíí ats'íístahdi łą́ągo ahidadiit'i'go ats'íís yee ákonízin					Parkinson's disease is a disorder of the nervous system that occurs when neurons start to die, which affects the body's movement					
nervous system			ats'óóz bee hahodít'é	The brain, spinal cord, and nerves of an animal that together receive messages from other parts of the body and control how the body functions	Atsiighąą', atsiighąą' íígháán bii'nít'i'ígíí dóó ats'óóz t'áá ałtso hináanii bits'íís yee hadít'éhígíí ats'íístahgóó da'ahi'niihgo ats'íís hiná.					Each of your fingertips has over 3,000 neurons which send signals to your brain about the things you touch or feel.					
neuron			atsiniltł'ish yooléełii	Cells that carry electrical charges through the body and are part of the nervous system. Also known as a nerve cell.	Ats'óóz t'áá łá'í nít'i'ígíí bitsiniltł'ish bąąhgóó hólǫ́. Nerve cell ałdó' deiłní.					Neutrons have the same weight as protons but have no charge. Together with protons, they form the nucleus of the atom and determine its weight.					
neutron			bitsiniltł'ish ádin	The components of an atom that have no charge	Atom yee hadít'éhígíí atsiniltł'ish bąąhgóó ádin.					The nitrogen cycle describes the way nitrogen atoms move around the Earth.  Nitrogen atoms move around when organisms decompose, when bacteria absorb and release nitrogen, and when fertilizer used on crops washes into rivers and streams.					
nitrogen cycle			níłch'i nitrogen hinílá	The movement of nitrogen through living organisms, the atmosphere, and the ground.	Níłch'i t'óó ahayóijį' t'áádoole'é dabitah nahasdzáán bikáagi, nahasdzáán biyi'góó, hót'áahdi níłch'i biyi'góó, dóó dahinánígíí bitahgóó ahéénílį́.					The order of nucleotides in a strand of DNA and RNA determines the protein produced.					
nucleotide			iiná bitł'óól bee ályaii	The building blocks of the RNA and DNA, also known as 'bases'. The symbols for the four bases are A, T, G, and C.	Iiná bitł'óól, DNA dóó RNA bee haleehígíí (base deiłníigo hináanii bee hodooleełígíí)					The nucleus of an oxygen atom contains 8 protons and 8 neutrons.					
nucleus (atomic)				The central part of an atom that includes the protons and neutrons.						The nucleus of an oxygen atom contains 8 protons and 8 neutrons.					
nucleus (cell)			hinááhts'ózí bijéí	The part of the cell that controls the functions of the cell and where DNA is found within a plasma membrane	Hinááhts'óóz yee naalnishgo biyi'di iiná bitł'óól ak'ah bineestiin, plasma. bik'í da'asti'go daholǫ́.				hinááhts'ózí	Most cells of organisms that are eukaryotes have a nucleus in their cells.  In animals, red blood cells do not have a nucleus.					
nutrient			ats'íís yee hináanii	A substance that is needed for healthy growth, development, and function	T'áá ha'át'ííshį́į́ yidą́ągo bee na'nise', bee anoosééł, dóó binahjį' naanish ła' yit'ínígíí.					Foods like vegetables and meats are high in nutrients and will help you grow.  Foods like potato chips and candy provide few nutrients to help sustain your body. 					
observation	0		haalzííd	The data measured or seen, often during an experiment	Na'alkaahgo bééhózin silį́į'ii anáá' bee yitį́įgo haalzíídígíí.					You are making an observation when you feel a change in the weather, see a cloudy sky, or hear thunder. 					
observation	1		nél'į́	@0	@0										
omnivore			ch'il dóó naaldloozhii yiyání	An animal that eats both plants and animals	Hináanii ch'il dóó hináanii naaldeehígíí bich'iiyą' áyósinígíí.					People are ominvores because we can eat both meat and vegetables.					
organ			ats'íístahdi ahil naalnishí	A group of tissues in the body that has a specific form and function	Atsą́siléí t'áá ał'ąą át'éego binaanish dahólónígíí.					Your eyes are organs that help you see, while your heart is an organ that helps circuluate your blood throughout your body.					
organelle			hinááhts'ózí bitsą́siléí	A structure within a cell that is enclosed within its own membrane and has a function	Hinááhts'óóz/ats'íís bitł'óól biyi'di si'ą́ągo bik'ésti'ii hólǫ́ áádóó t'áá ha'át'ííshį́į́ binaanish.				hinááhts'ózí	Organelles in a cell are like organs in a body.  Cell organelles include the nucleus and mitochondria.					
organic			hináanii bits'ą́ą́dę́ę́' ályaa	Made of or made by living organisms. Compare with inorganic.	Hináanii bits'ą́ą́dóó hazlį́į́'ígíí.				hináanii	Organic substances like wood and animal hides can be used to make a drum.					
organism			hináanii	A living thing	Hináanii					Animals, fungi, bacteria, and plants are all examples of organisms. 					
oxygen			níłchʼi bee iináanii	A chemical element found in the air	Níłch'i hót'ááhgóó hólónígíí					Oxygen is a part of the air that we breathe and the water that we drink.					
parasite			yaa'	An organism that lives on or in another organism (its host).	T'áádoole'é hináago nááná łahjį' hináanii choyooł'į́įgo yee hinánígíí.					You could get a parasite like a tapeworm in your gut when you eat undercooked meat from infected animals.					
parasitism			yaa'k'ehgo hiná	The practice of living as a parasite in or on another organism	Hináanii nááná ła' choo'į́įgo bee jiináago.					After they hatch from eggs, ticks survive through parasitsm where they eat blood from mammals.					
pathogen			hináanii doo yit'íinii ba'át'e' hólóonii	A microorganism that causes, or can cause, disease or harm in the organism it lives in or on (its host)	Naałniih éí doodago ch'osh doo yit'íinii ba'át'e' hólǫ́ǫgo ats'íís biyi'di yihodiiłt'ihii.				hináanii	The pathogen COVID-19 affects your lungs which can give you a fever and make it hard to breathe.					
pedigree			náás ahoolchíiłii yildił	A drawing that shows how ancestors and descendents are related	Náás oochííł, bits'ą́ą́dę́ę́' oodáał ii naaltsoos bikáá' naashch'ąą'					You can track the pedigree of a horse if you know who the parents and grandparents were.  This information lets you keep your horses from interbreeding.					
phenotype			ats'íís silį́į' yit'į́ dóó bí'neel'ąąh bíighah	A trait of an individual that can be observed or measured	Bíla'ashdla'ii hazlį́į'go ánoolnin dóó át'éegi yit'į́įgo dóó bí'neel'ąąh bihónéedzą́ągo.					Your hair color is an example of your phenotype. 					
photosynthesis			ch'il dootł'izhí dóó dahinánii shá yee biinéí	The process by which green plants and certain other organisms turns energy from the sun into chemical energy	Ch'il, nanise', dóó dahináanii ła' shánídíín yee bidziil dóó biinéígo áyósinígíí.					When plants photosynthesize, they absorb carbon dioxide and release oxygen that we can breathe.					
physiology			ats'íís hiná silį́į́' naalkaah	How an organism's body functions or the scientific study of how organisms function	Hináanii bits'íís naalnishígíí éí doodago na'alkaahk'ehgo dahináanii bits'íís naalnishígíí bíhoo'aah.					You are studying physiology when you study how blood moves through the heart or nutrients move through a plant.					
pioneer species			haa'í da hahonííchaadgi ałtsé dahiinaadígíí	The species that appear first in recently disturbed areas	Dahináanii alą́ąjį' dahóóchxǫ'góne' adahanééhígíí.					After a forest fire, the first species to reappear is a pioneer species. 					
plant			chʼil	An organism capable of photosynthesis	Nanise' ałtsaas'éí dóó ch'il shánídíín yee bidziilgo á'dólzingo hinánígíí.					Plants live in a variety of different environments. For example, pecan trees grow where it's warm, seaweed grow in the ocean, and piñon trees grow in or near the desert.  					
plasma			dil diyilii	The non-cellular portion of blood	Dił litsooí					Plasma makes up about half of our blood and has important salts, proteins, and antibodies that help fight infection.					
plasma membrane			akágí biyi'dę́ę́ ak'ah bizhool bik'ésti'	A network of lipids and proteins that forms the boundary between the inside of a cell and the environment that surrounds it.  Also called a cell membrane.	Ak'ah bineestiin dóó protein naneesdizgo akágí nilį́įgo t'áádoole'é bikí daasti'					The plasma membrane is like the "skin" of organelles like mitochondria.  It separates the inside of the organelle from the surrounding environment.					
pollution			i’niiyą́ą́	The introduction of harmful materials into the environment. These harmful materials are called pollutants.	T'áádoole'é bááhádzidii tł'óó'di nahaz'ą́ą́góó yahiigeehgo. Díí bááhádzidii pollutants wolyé.					Car exhaust is a type of pollution that can cause lung damage when animals breathe it in.					
population			t'ááłáhági haz'ą́ągi anoosééł	A group of individuals of the same species living and reproducing within a given area	T'ááłáhági haz'ą́ągi bíla'ashdla'ii éí doodago dahináanii t'áá ahedaałt'éhígíí kééhat'į́ dóó da'ahéelchííh					The people in your town, the pine trees in a forest, and the trout in a lake are examples of populations. 					
population density			t'ááłáhági haz'ą́ągi noot'į́į́ł	The number of individuals of the same species living within a given area	Dahináanii kééhat'į́įgi haadahoníłtsogo hahoodzogo bii' haashį́į́ néelt'e' naaldeehígíí.					Albuquerque has a higher population density than Window Rock.  About 3,000 people live in each square mile within Albuquerque while Window Rock has 589 people per square mile.					
positive feedback loop			t'áádoole'é hooleełgo łahgo áhooliił	When the outcome of a process causes further change and the process increases or decreases	Ha'átíi da álnéehgo bil hoolzhishgo álnééhígíí náás áániił éí doodago ni'áániił silį́į́'					Climate change is accelerating because of a positive feedback loop.  Increased carbon dioxide concentrations cause global temperatures to rise. As oceans warm, they can't absorb as much carbon dioxide, which further warms the climate.					
predation			naalzheehii na'ałtseed	The killing and eating of one organism (the prey) by another (the predator)	Hináanii dahináanii nááná ła' neitseed dóó yiyą́ągo.					Predation occurs when a lizard eats a fly, a cat eats a mouse, or a bear eats a fish.					
predator			naalzheehii	An organism that lives mostly by killing and eating other animals	Dahináanii hináanii náánáła' neiłtseed dóó yiyą́ąyee hiná					Mountain lions are predators because they must hunt other animals to survive.					
pregnancy			ootsą́	The period of time in which an unborn offspring is carried within the body.	Ootsą́; I'niitsąąd dóó awéé' hazlį́į'jį'					In African elephants, pregnancy can last up to 22 months while pregnancy in cats is about 9 weeks.					
prey			nidaalzheehii bich'iiyą'	An organism that is hunted or caught for food, usually by a predator.	Dahináanii nááná łahdę́ę́' hináanii nida'ałtseedii chodabooł'ínígíí					Deer are prey for many animals including mountain lions and people. 					
probability			ha'át'íi da doonííł nawólní	The chance that something will happen or of a hypothesis being correct	Haa da hoot'éedoo le' hasingo éí doodago na'alkaahgo naalkaahii ádoonííł nawólnínígíí					When you role a six-sided die, the probability of rolling a three is 1/6, or 16.7%.					
producer			hinánii ch'iyáán bá siláii	Organisms that are capable of photosynthesis and are the basis of a food chain.	Dahináanii shánídíín choyooł'į́įgo yee biinéí dóó bidziil dahólǫ́ éí ts'ídá binahjį' ch'iyáán nihwiileeh					A common food chain in a field includes grass, which are producers that can be eaten by grasshoppers, which then can be eaten by other animals.					
prokaryote			hináanii bihinááhts'ózí bijéí dahólónígíí	A unicellular organism that does not have a nucleus and has few organelles.  Compare with eukaryote.	Ha'át'íi da hinááts'óóz t'ááła'í si'ą́ągo bits'íís nilį́įgo biyi'di bijéí, nucleus doo hólǫ́ǫ da				hináanii	The bacteria in your gut are prokaryotes that help you digest food and defend against pathogens. 					
prophase			hinááhts'óóz ałts'á nooseeł	The first stage of mitosis or meiosis where chromosomes are compressed	Hinááhts'óóz ał'ąą át'éego ałts'á níséego, mitosis éí doodago meiosis, alą́ąjį' bee hahalzhííshígíí				hinááhts'óóz						
protein			ch'iyáán bee ats'íís haleehii	A chain of amino acids that can fold into a specific shape	Ch'iyáán ats'íís bee haleeh dóó hasht'éé yoodlííłígíí, protein, bee haleehígíí, amino acid, da'ahólzha' daaleeh dóó nidaat'ood łeh					Hemoglobin is the protein in a red blood cell that carries oxygen to different parts of your body.					
proton			atom bitsiniltł'ish shá bik'ehgo siláii	The components of an atom that have a positive charge	Atoms yee hadit'éhígíí biniltł'ish shábik'ehgo, clockwise or consistent with the sun's path, siláhígíí bąąh hólǫ́					The number of protons an atom has is its atomic number.  A nitrogen atom has 7 protons while an oxygen atom has 8 protons.					
Punnett square			ats'íís ał'ąą át'é naashch'ąą'	A square drawing used to show the different genotypes possible in the offspring when two individuals reproduce	Bik'ehgo náás oochíiłii ał'ąą ádaat'éego bee hazhdít'éhígíí naasch'ąą'go ál'įįhígíí. Dik'ą́ągo si'ą́ą łeh.					By drawing a punnet square, doctors can easily show new parents what blood types their children could have.					
recessive			akéédóó héesdá	The allele that only determines the phenotype when the organism has two copies of it. Compare with dominant.	Bik'ehgo náás oochíiłii łahgo át'é silį́į́'ígíí, allele, akéédóó naalnishgo bik'ehgo ats'íís haidiił'įįh béé'ályaago naaki hwee hólónígíí.					You have two copies of each chromosome.  Sometimes there is a recessive allele on one chromosome and a dominant allele on the other.  The recessive allele is the one that will not influence the phenotype.					
recessive trait			bee hojileehii akéédóó héesdáii	An inherited characteristic that appears in an offspring if it is received from a parent through a recessive allele. Compare with dominant trait.	Hats'íís dóó ájít'éhígíí bił ho'dizhchínígíí hamá dóó hazhé'é bits'ą́ą́dę́ę́' nízhdiiláhígíí éí bik'ehgo náás oochíił'ii akéédóó naalnishígíí, recessive, bik'ehgo hojizhlį́į́'.					A recessive trait is determined by a recessive allele. For example, if you have an allele for light eyes and an allele for dark eyes you will have dark eyes because the allele for light eyes is recessive.   					
red blood cell			dił łichí'í	The blood cells that carry oxygen	Hadił łichí'í níłch'i'					Anemia occurs when someone doesn't have enough red blood cells.  It can cause people to feel tired, dizzy, or short of breath.					
reproductive isolation			doo oochííł bá haz'ą́ą da	The situation where similar species may live in the same area, but they are unable to reproduce.	Haa'í da ha'át'íi da dahináanii t'ááłáhági bił haz'ą́ą doo nida'iiłchíigo hodeeshzhiizh					Two populations of squirels on opposite sides of the Grand Canyon experienced reproductive isolation for so long that they are now two different species.					
reproductive system			oochííł bá siláii	The group of organs involved in reproduction	Ats'íís biyi'di bee idínótsąął dóó adoochííł biniyé dahólónígíí					The reason that female animals get pregnant is because their reporductive system has specialized organs for carrying offspring. 					
research			naʼałkaah	The creation of new knowledge or the use of existing knowledge in a new way so as to create new concepts, methods, and understandings	Na'alkaah bee éé'deetánígíí náás hideesnilgo íhoo'aah bínááhiniidééh	naʼałkaah=investigating/research				Decades of scientific research on vaccine ingredients and side effects has shown that vaccines do not cause autism. 					
resistance			dahináanii bidziil	The ability of an organism to withstand harmful effects	Hináanii naayéé' doo bidééłníi da á'dólzin					Animals with thick fur have a resistance to cold temperatures. 					
respiratory system			níłch'i hwiihíílá dóó hááhiilá	The group of organs involved in the exchange of gas between an organism and the environment to make energy (respiration).	Atsą́ siléí internal organs ła' ats'íís biyi'di dóó ats'íís binaadę́ę́' níłch'I ałnánáálį́įgo yee biinéí dóó bidziilgo ábósin					In vertebrates, the lungs are an important part of respiratory system as they bring oxygen into the body when we breathe in, and release carbon dioxide when we breathe out. 					
scientific method			na'alkaah bibeehaz'áanii	A way for scientists to study and learn things. In the first step, a problem is identified, then a hypothesis is made from existing information, and then the hypothesis is tested with an experiment.	Ałkéé' honí'ą́ągo na'alkaah bee doo naaki nilį́į́góó éé'deetį́į́h dóó íhoo'aah. I'diił'áii bééhózingo ál'įįh, át'éedoo dóó nídleeł baa nitáháskéezgo saad ál'įįh, díí baa nitsáháskéézígíí naalkaah,					Scientists have hypothesized that plants can absorb metal contamination. Following the scientific method, they conducted an experiment to test their hypothesis and observed that metal contaminants can be found in plant tissues.					
scientist			naʼałkaahí	People who discover new things and research how things work. They observe, measure, and communicate results	Na'alkaah yeda'aniihgo éé'deetįįh yinidaalnish dóó t'áá ha'át'ííshį́į́ hiná éí doodago naalnishgi át'áo yéé'dítį́į́h. Hada'asííd, ída'neeł'ąąh, dóó bił bééhoozinígíí yaa dahalne'.	Naʼałkaahíí=thing that does the investigating "Reseacher" . naʼałkaah=research, the íí is what makes it describing. 				Not all scientists work in a lab.  Anyone who uses observations and research to answer a question is a scientist. That can even include you!					
sex-linked gene			iiná dooleełii	A gene that is located on a sex chromosome	Bik'ehgo náás oochíiłii iiná bitł'óól ałk'ídeesdizígíí, chromosome, bee at'ééd éí doodago ashkii jileehígíí bąąhgi hólónígíí					Humans have two sex chromosomes called X and Y.  The genes that cause red-green color blindness are sex-linked genes because are passed down on the X chromosome.  Males inherit only one X chromosome, and all alleles on that chromosome act as dominant alleles.  This is why red-green color blindness is more common in men.					
sexual reproduction			oochííł	The combination of gametes from two individuals to form unique offspring that are genetically different from their parents	Bee idí'nóotsąął amá dóó azhé'é bits'ą́ą́dę́ę́' ahidii'ashgo bee t'áá sahdii ázhnoolningo dóó ájít'éego hojileehígíí					When a male and a female lizard mate, they produce offspring by sexual reproduction.					
skeleton			ats’íísts’in	The internal hard structure that supports the body of a living thing	Ats'íís biyi'di nitł'izgo ats'íís bá naaz'á éí ats'íís yee sizį́ dóó naha'ná					Without a skeleton, our body would have no shape and we would be unable to move in a coordinated way.  We would look like a pile of organs.					
skin		1	akágí	An organ that formes the outer protective layer of the body.	Ats'íís yee hadít'éii, organ, ats'íís bik'ésti'ígíí	akágí= skin (you modify the a depending what you're talking about)				Our skin protects our organs from the environment by blocking moisture, preventing heat loss, and protecting us from pathogens.   Repeated sun exposure is a major cause of skin cancer.					
solar energy			shánídíín	Light, heat, and other kinds of energy given off by the Sun	Shá, jį́honaa'éí, bits'ą́ą́dę́ę́' adinídíín, bits'áníłdoii, dóó bits'áshígishii					The function of solar panels are to capture solar energy and convert it to a usable electricity.					
specialist			haniihii	A species that requires specific environmental conditions or specific types of resources. Compare with generalist.	Dahináanii t'ááła' dahyikahgo ts'ídá bá yá'áhoot'éehgo haz'ą́ągi yee hináanii bá hólǫ́ǫgo t'éí náás yikah					Yucca plants are specialists that are only pollinated by specific species of moths. These moths are also specialists because they can only lay their eggs in yucca flowers.					
species			hináanii da'ahéelchííh	A group of organisms that can reproduce with one another and produce fertile offspring	Dahináanii t'ááłá'í danilį́įgo ałhá nida'iiłchíigo noosééł				hináanii	All dogs are the same species, but a dog and a cat are different species because they cannot mate and produce offspring together. 					
sperm	0	1	ak'eelyéí	The male sex cell, or gamete in animals.  Compare with egg.	Hináanii biką'ígíí bik'eelyéí. Dabi'áádígíí ałdó' bik'eelyéí hólǫ́, biyeezhii (egg) deiłní.					In many species, males pass on their DNA to their offspring through their sperm cells. 					
sperm	1		íígąsh	@0	@0					Car accidents are the leading cause of injuries to the spinal cord. If damaged, the spinal cord cannot repair itself.  This is why it is important to wear your seatbelt.					
spinal cord			atsiighąą' íígháán bii'nít'i'	Structure that begins at the the brain and continues down the spine and carries messages between the brain and the rest of the body.	Ats'íís yee hadít'éii atsiighąą' bits'ánít'i' dóó bíígháán bii' nít'i'go ats'iighąą' dóó ats'íístahgó áhoot'éii yił ééhósin					Starch is found in corn, potatoes, rice, and pasta.  When you eat these foods, the starch is broken down into sugar.					
starch			łikání nanise' yee hadít'é	The main form of stored carbohydrates in plants.	Nanise' ałtaas'éí łikání bii' hólónígíí					Traditional buffalo hunting was once a sustainable hunting method because hunting buffalo did not negatively affect their population.					
sustainable			baa hą́ą́hasin	When a resource from the environment is not used faster than it is produced in nature.	Nahasdzáán bikáá' honí'ą́ą́góó ha'át'ííshį́į́ chodaa'ínígíí nihwiileehígíí doo bilááhgóó choo'į́į da					We have a symbiosis with the bacteria that live in our gut. Our stomach and intestines give these bacteria a place to live and food to eat. In turn, the bacteria help us digest our food and protect us from pathogens in our food.					
symbiosis			ałhee hi'ná	Any longǫterm physical relationship between individuals of two different species, including mutualism and parasitism.	Hináanii doo t'ááła' nilį́į da nidi ałch'ishdę́ę́' ahee hidi'ná					Scientists who study taxonomy found that whales are more closely related to animals on land (including humans) than they are to fish.					
taxonomy			yízhí dóó óolyéhígíí	The science of naming and describing organisms.	Na'alkaahk'ehgo t'áá ałtsoní bízhi' dóó íiyisíí át'éhígíí baa hane'					A wolf pack has a large territory of up to 1000 square miles that it defends from other wolves.  If let outside, a house cat will defend a small territory of less than 10 square miles and will kill both pests and beneficial wildlife.					
telophase				The last stage of mitosis or meiosis in which chromosomes move to opposite ends of the cell and two nucleus are formed.											
territory			akéyah	Any area defended by an organism or a group of similar organisms for their own use	Haa'í da haz'ą́ągo hináanii choyooł'į́įgo yaa hóchį'gi	would need to specify "who's land/area". Keya is land				When you boil water, the water molecules will start to move around quickly as they absorb thermal energy from the burner.  					
theory			bik'ehgo na'alkaahii	An explanation for why things work or how things happen that is supported by a large amount of scientific evidence	T'áá ha'át'íi da át'éegi dóó naalnishígi át'éego baa hane' dóó nábinázláago binahjį' áhá'nínígíí łą́ bééhózingo					Cell theory states that all organisms are made up of cells and that all new cells are produced by existing cells. We know that this is true because we can see cells under a microscope and can trace the origin of new cells back to the cells they came from. There is no evidence to suggest this theory is incorrect.					
thermal energy			aziil	This type of energy (also known as heat energy) is created when molecules move around quickly and randomly within a substance, which releases heat.	Hado bee ayoonaałgo t'áá ha'át'íi da yee hadít'éii, molecules, ahídaha'náahgo yee niidoh dóó bits'á níłdoii					When you boil water, the water molecules will start to move around quickly as they absorb thermal energy from the burner.  					
tissue			hinááhts'óóz ahii' silá	A group of cells that perform a similar function	Hinááhts'ózí t'áá ahedaałt'éego dóó binaanish t'ááłá'ígo				hinááhts'óóz	Gum disease causes your gum tissue to become red, swollen, and bleed easily.  You can prevent gum disease by frequently brushing and flossing your teeth.					
trait			hináanii át'é nilį́įgi	A characteristic of an organism that can be observed.	Hináanii bił bidizhchínígíí yit'į́ yileehdi				hináanii	Hair color, eye color, and nose size are all traits you inherit from your parents.					
trophic level			hináanii ch'iyáán nilį́	An organism's position along a food chain	Hináanii ayą́ągo hiná dóó áadi ha'át'ííshį́į́ bich'iiyą' nánídlį́į́góne'				hináanii	Plants are at the base of each food chain.  Animals that eat plants, like deer, are one trophic level above plants.  Animals that eat deer, like mountain lions, are one trophic level above deer.  					
unicellular			hinááhts'óóz naagháii	Organisms that consist of one cell. Compare with multicellular.	Hináanii hinááhts'óóz t'ááłá'ígo bits'íís nilį́. Hináanii náádaała' éí hinááhts'óóz łą́ągo yee bits'íís dahólǫ́.				hinááhts'óóz	Bacteria are unicellular organisms because they are made of one cell.					
urinary system			łizh bá haz'ą́ągi	The organs that remove waste from the body.	Ats'íís biyi'di siláhígíí ats'íís ałtso choyoos'įįdígíí níláhgóó yits'ą́ąjį' kwííł'ínígíí					The urinary system is the filter of the bloodstream as it captures waste and releases it from the body.					
vertebrate			bíígháán dahólónígíí	An animal that has a spinal cord and a skeleton. Compare with invetebrate.	Hináanii naaldeehii, animals, bits'íísts'in dóó bitsiighąą' bíígháán bii' danít'i' ígíí					Humans, horses, and birds are vertebrates, but an octopus has no bones or spinal cord and is thus an invertebrate.					
vestigial (trait)			ats'iis	Cells, tissues, or organs in a body that have no apparent function and is similar to a functioning organ or structure in an ancestor.	Hinááhts'óóz ats'íís biyi'di binaanish t'ááła'ígo hólónígíí, tissues, ats'ą́ siláii ats'íís biyi'di hólǫ́ nidi doo choo'į́į dago yits'ą́ą́dę́ę́' yigáałii bits'íís hólónígíí ła' choyooł'į́ dóó binaanish hólónígíí t'áá yił aheełt'é					The wisdom teeth of our ancestors would replace any teeth that fell out or were removed.  Now, our wisdom teeth are vestigial traits because we have better mouth hygeine and dental care.					
virus			naałniih	A small parasite that lives within the cells of other organisms, cannot reproduce without the help of the cell it lives inside of, and causes disease.	Hináanii doo yit'į́į dago nááná łahdę́ę́' yigáałgo ats'íís bihinááhts'óóz biyi'di hiná silį́į́', dóó áadi hinááhts'óóz yee binahjį' noosééł yileeh áádóó bits'ą́ą́dóó ąąh dahaz'ą́ haleeh					Hantavirus is a virus that causes serious lung disease. You can catch hantavirus from the saliva, urine, or droppings of deer mice and other rodents.					
water cycle			tó binahat'a'	The movement of water on, above, or below the surface of our planet.	Tó nahasdzáán bikáá'góó dóó biyi' hólǫ́  dóó hót'ááhgóó dahólǫ́ éí hoo'nááł dóó danílínígíí bił ahééhwiizhíísh					The water cycle describes how water moves around the earth.  Water moves around when it rains, when rivers transport it long distances, when it evaporates from the surface of leaves, or when ocean currents move it around the globe.					
white blood cell			dił łigaaí	Cells that are part of the body's immune system that help the body fight infection and other diseases.	Hinááhts'óóz ats'íís yee bihodééłníi da áyósin éí ii'noot'į́į́', infection, dóó ąąh dahwiidooł'aałii yich'ą́ą́h naalnish					White blood cells are part of the immune system. There are many different types of white blood cells circulating in your blood and each type has a specific role in fighting infections.					
zoology			naaldeehii naalkaah	The scientific study of animals	Hináanii naaldeehii, animals, ał'ąą át'éego dahyikahígíí haalzííd dóó naalkaahgo bíhoo'aah					Ranchers use their zoology knowledge to breed sheep so their offspring have more meat or fluffier wool. 					
zygote			awéé'	The cell that forms after gametes are joined.	Amá dóó azhé'é bik'eelyéí bee i'niitsąądgo					The zygote forms once the sperm cell enters the egg cell and they become one cell.  Identical twins are a result of a zygote splitting into two cells.					